Date,CA_CARealGDP,l1,l2,l3,l4,CA_REALGDP_YY,CA_REALGDP_QA,CA_REALGDP_RE,CA_UNEMPLOYMENT_RATE,CA_CONSUMER_CREDIT,CA_CONSUMER_CREDIT_YY,CA_CONSUMER_CREDIT_QA,CA_CONSUMER_CREDIT_RE,CA_CARealGDP_qd,CA_CARealGDP_qq,CA_CARealGDP_yd,CA_CARealGDP_yy,CA_CARealGDP_logqd,CA_CARealGDP_logqq,CA_CARealGDP_logyd,CA_CARealGDP_logyy,CA_REALGDP_RE_qd,CA_REALGDP_RE_qq,CA_REALGDP_RE_yd,CA_REALGDP_RE_yy,CA_REALGDP_RE_logqd,CA_REALGDP_RE_logqq,CA_REALGDP_RE_logyd,CA_REALGDP_RE_logyy,CA_UNEMPLOYMENT_RATE_qd,CA_UNEMPLOYMENT_RATE_qq,CA_UNEMPLOYMENT_RATE_yd,CA_UNEMPLOYMENT_RATE_yy,CA_UNEMPLOYMENT_RATE_logqd,CA_UNEMPLOYMENT_RATE_logqq,CA_UNEMPLOYMENT_RATE_logyd,CA_UNEMPLOYMENT_RATE_logyy,CA_CONSUMER_CREDIT_qd,CA_CONSUMER_CREDIT_qq,CA_CONSUMER_CREDIT_yd,CA_CONSUMER_CREDIT_yy,CA_CONSUMER_CREDIT_logqd,CA_CONSUMER_CREDIT_logqq,CA_CONSUMER_CREDIT_logyd,CA_CONSUMER_CREDIT_logyy,CA_CONSUMER_CREDIT_RE_qd,CA_CONSUMER_CREDIT_RE_qq,CA_CONSUMER_CREDIT_RE_yd,CA_CONSUMER_CREDIT_RE_yy,CA_CONSUMER_CREDIT_RE_logqd,CA_CONSUMER_CREDIT_RE_logqq,CA_CONSUMER_CREDIT_RE_logyd,CA_CONSUMER_CREDIT_RE_logyy,CA_CARealGDP_qd_lag1,CA_CARealGDP_qd_lag2,CA_CARealGDP_qd_lag3,CA_CARealGDP_qd_lag4,CA_CARealGDP_qq_lag1,CA_CARealGDP_qq_lag2,CA_CARealGDP_qq_lag3,CA_CARealGDP_qq_lag4,CA_CARealGDP_yd_lag1,CA_CARealGDP_yd_lag2,CA_CARealGDP_yd_lag3,CA_CARealGDP_yd_lag4,CA_CARealGDP_yy_lag1,CA_CARealGDP_yy_lag2,CA_CARealGDP_yy_lag3,CA_CARealGDP_yy_lag4,CA_CARealGDP_logqd_lag1,CA_CARealGDP_logqd_lag2,CA_CARealGDP_logqd_lag3,CA_CARealGDP_logqd_lag4,CA_CARealGDP_logqq_lag1,CA_CARealGDP_logqq_lag2,CA_CARealGDP_logqq_lag3,CA_CARealGDP_logqq_lag4,CA_CARealGDP_logyd_lag1,CA_CARealGDP_logyd_lag2,CA_CARealGDP_logyd_lag3,CA_CARealGDP_logyd_lag4,CA_CARealGDP_logyy_lag1,CA_CARealGDP_logyy_lag2,CA_CARealGDP_logyy_lag3,CA_CARealGDP_logyy_lag4,CA_REALGDP_RE_qd_lag1,CA_REALGDP_RE_qd_lag2,CA_REALGDP_RE_qd_lag3,CA_REALGDP_RE_qd_lag4,CA_REALGDP_RE_qq_lag1,CA_REALGDP_RE_qq_lag2,CA_REALGDP_RE_qq_lag3,CA_REALGDP_RE_qq_lag4,CA_REALGDP_RE_yd_lag1,CA_REALGDP_RE_yd_lag2,CA_REALGDP_RE_yd_lag3,CA_REALGDP_RE_yd_lag4,CA_REALGDP_RE_yy_lag1,CA_REALGDP_RE_yy_lag2,CA_REALGDP_RE_yy_lag3,CA_REALGDP_RE_yy_lag4,CA_REALGDP_RE_logqd_lag1,CA_REALGDP_RE_logqd_lag2,CA_REALGDP_RE_logqd_lag3,CA_REALGDP_RE_logqd_lag4,CA_REALGDP_RE_logqq_lag1,CA_REALGDP_RE_logqq_lag2,CA_REALGDP_RE_logqq_lag3,CA_REALGDP_RE_logqq_lag4,CA_REALGDP_RE_logyd_lag1,CA_REALGDP_RE_logyd_lag2,CA_REALGDP_RE_logyd_lag3,CA_REALGDP_RE_logyd_lag4,CA_REALGDP_RE_logyy_lag1,CA_REALGDP_RE_logyy_lag2,CA_REALGDP_RE_logyy_lag3,CA_REALGDP_RE_logyy_lag4,CA_UNEMPLOYMENT_RATE_qd_lag1,CA_UNEMPLOYMENT_RATE_qd_lag2,CA_UNEMPLOYMENT_RATE_qd_lag3,CA_UNEMPLOYMENT_RATE_qd_lag4,CA_UNEMPLOYMENT_RATE_qq_lag1,CA_UNEMPLOYMENT_RATE_qq_lag2,CA_UNEMPLOYMENT_RATE_qq_lag3,CA_UNEMPLOYMENT_RATE_qq_lag4,CA_UNEMPLOYMENT_RATE_yd_lag1,CA_UNEMPLOYMENT_RATE_yd_lag2,CA_UNEMPLOYMENT_RATE_yd_lag3,CA_UNEMPLOYMENT_RATE_yd_lag4,CA_UNEMPLOYMENT_RATE_yy_lag1,CA_UNEMPLOYMENT_RATE_yy_lag2,CA_UNEMPLOYMENT_RATE_yy_lag3,CA_UNEMPLOYMENT_RATE_yy_lag4,CA_UNEMPLOYMENT_RATE_logqd_lag1,CA_UNEMPLOYMENT_RATE_logqd_lag2,CA_UNEMPLOYMENT_RATE_logqd_lag3,CA_UNEMPLOYMENT_RATE_logqd_lag4,CA_UNEMPLOYMENT_RATE_logqq_lag1,CA_UNEMPLOYMENT_RATE_logqq_lag2,CA_UNEMPLOYMENT_RATE_logqq_lag3,CA_UNEMPLOYMENT_RATE_logqq_lag4,CA_UNEMPLOYMENT_RATE_logyd_lag1,CA_UNEMPLOYMENT_RATE_logyd_lag2,CA_UNEMPLOYMENT_RATE_logyd_lag3,CA_UNEMPLOYMENT_RATE_logyd_lag4,CA_UNEMPLOYMENT_RATE_logyy_lag1,CA_UNEMPLOYMENT_RATE_logyy_lag2,CA_UNEMPLOYMENT_RATE_logyy_lag3,CA_UNEMPLOYMENT_RATE_logyy_lag4,CA_CONSUMER_CREDIT_qd_lag1,CA_CONSUMER_CREDIT_qd_lag2,CA_CONSUMER_CREDIT_qd_lag3,CA_CONSUMER_CREDIT_qd_lag4,CA_CONSUMER_CREDIT_qq_lag1,CA_CONSUMER_CREDIT_qq_lag2,CA_CONSUMER_CREDIT_qq_lag3,CA_CONSUMER_CREDIT_qq_lag4,CA_CONSUMER_CREDIT_yd_lag1,CA_CONSUMER_CREDIT_yd_lag2,CA_CONSUMER_CREDIT_yd_lag3,CA_CONSUMER_CREDIT_yd_lag4,CA_CONSUMER_CREDIT_yy_lag1,CA_CONSUMER_CREDIT_yy_lag2,CA_CONSUMER_CREDIT_yy_lag3,CA_CONSUMER_CREDIT_yy_lag4,CA_CONSUMER_CREDIT_logqd_lag1,CA_CONSUMER_CREDIT_logqd_lag2,CA_CONSUMER_CREDIT_logqd_lag3,CA_CONSUMER_CREDIT_logqd_lag4,CA_CONSUMER_CREDIT_logqq_lag1,CA_CONSUMER_CREDIT_logqq_lag2,CA_CONSUMER_CREDIT_logqq_lag3,CA_CONSUMER_CREDIT_logqq_lag4,CA_CONSUMER_CREDIT_logyd_lag1,CA_CONSUMER_CREDIT_logyd_lag2,CA_CONSUMER_CREDIT_logyd_lag3,CA_CONSUMER_CREDIT_logyd_lag4,CA_CONSUMER_CREDIT_logyy_lag1,CA_CONSUMER_CREDIT_logyy_lag2,CA_CONSUMER_CREDIT_logyy_lag3,CA_CONSUMER_CREDIT_logyy_lag4,CA_CONSUMER_CREDIT_RE_qd_lag1,CA_CONSUMER_CREDIT_RE_qd_lag2,CA_CONSUMER_CREDIT_RE_qd_lag3,CA_CONSUMER_CREDIT_RE_qd_lag4,CA_CONSUMER_CREDIT_RE_qq_lag1,CA_CONSUMER_CREDIT_RE_qq_lag2,CA_CONSUMER_CREDIT_RE_qq_lag3,CA_CONSUMER_CREDIT_RE_qq_lag4,CA_CONSUMER_CREDIT_RE_yd_lag1,CA_CONSUMER_CREDIT_RE_yd_lag2,CA_CONSUMER_CREDIT_RE_yd_lag3,CA_CONSUMER_CREDIT_RE_yd_lag4,CA_CONSUMER_CREDIT_RE_yy_lag1,CA_CONSUMER_CREDIT_RE_yy_lag2,CA_CONSUMER_CREDIT_RE_yy_lag3,CA_CONSUMER_CREDIT_RE_yy_lag4,CA_CONSUMER_CREDIT_RE_logqd_lag1,CA_CONSUMER_CREDIT_RE_logqd_lag2,CA_CONSUMER_CREDIT_RE_logqd_lag3,CA_CONSUMER_CREDIT_RE_logqd_lag4,CA_CONSUMER_CREDIT_RE_logqq_lag1,CA_CONSUMER_CREDIT_RE_logqq_lag2,CA_CONSUMER_CREDIT_RE_logqq_lag3,CA_CONSUMER_CREDIT_RE_logqq_lag4,CA_CONSUMER_CREDIT_RE_logyd_lag1,CA_CONSUMER_CREDIT_RE_logyd_lag2,CA_CONSUMER_CREDIT_RE_logyd_lag3,CA_CONSUMER_CREDIT_RE_logyd_lag4,CA_CONSUMER_CREDIT_RE_logyy_lag1,CA_CONSUMER_CREDIT_RE_logyy_lag2,CA_CONSUMER_CREDIT_RE_logyy_lag3,CA_CONSUMER_CREDIT_RE_logyy_lag4
1980Q1,768143,,,,,,,40.61770782,7.559028667,,,,,,,,,,,,,,,,,,,,,,,,,,,,,,,,,,,,,,,,,,,,,,,,,,,,,,,,,,,,,,,,,,,,,,,,,,,,,,,,,,,,,,,,,,,,,,,,,,,,,,,,,,,,,,,,,,,,,,,,,,,,,,,,,,,,,,,,,,,,,,,,,,,,,,,,,,,,,,,,,,,,,,,,,,,,,,,,,,,,,,,,,,,,,,,,,,,,,,,,,,,,
1980Q2,767890,768143,,,,,,40.60432974,7.744460333,,,,,-253,-0.032936576,,,-0.00032942,-2.43E-05,,,-0.01337808,-0.032936571,,,-0.00032942,-8.89E-05,,,0.185431666,2.453114999,,,0.024235093,0.011981303,,,,,,,,,,,,,,,,,,,,,,,,,,,,,,,,,,,,,,,,,,,,,,,,,,,,,,,,,,,,,,,,,,,,,,,,,,,,,,,,,,,,,,,,,,,,,,,,,,,,,,,,,,,,,,,,,,,,,,,,,,,,,,,,,,,,,,,,,,,,,,,,,,,,,,,,,,,,,,,,,,,,,,,,,,,,,,,,,,
1980Q3,766850,767890,768143,,,,,40.54933683,7.545525667,,,,,-1040,-0.135436065,,,-0.001355279,-0.00010001,,,-0.05499291,-0.135436074,,,-0.001355279,-0.000365908,,,-0.198934666,-2.568735037,,,-0.026023031,-0.012712904,,,,,,,,,,,,,,,,,,,,,,,,,,,,,,,,,,,,,,,,,,,,,,,,,,,,,,,,,,,,,,,,,,,,,,,,,,,,,,,,,,,,,,,,,,,,,,,,,,,,,,,,,,,,,,,,,,,,,,,,,,,,,,,,,,,,,,,,,,,,,,,,,,,,,,,,,,,,,,,,,,,,,,,,,,,,,,,,,,
1980Q4,777550,766850,767890,768143,,,,41.11512924,7.24491,,,,,10700,1.395318511,,,0.013856736,0.001022634,,,0.56579241,1.395318529,,,0.013856736,0.003742515,,,-0.300615667,-3.984025504,,,-0.040655607,-0.02011703,,,,,,,,,,,,,,,,,,,-787,,,,-0.102499489,,,,,,,,,,,,-0.001025859,,,,-7.57E-05,,,,,,,,,,,,-0.04161483,,,,-0.102499503,,,,,,,,,,,,-0.001025859,,,,-0.000276977,,,,,,,,,,,,-0.384366332,,,,-5.021850036,,,,,,,,,,,,-0.050258125,,,,-0.024694207,,,,,,,,,,,,,,,,,,,,,,,,,,,,,,,,,,,,,,,,,,,,,,,,,,,,,,,,,,,,,,,,,,,,,,,,,,,
1981Q1,794832,777550,766850,767890,768143,,,42.02896328,7.389903667,,,,,17282,2.222622339,26689,3.474483267,0.021982821,0.001620685,0.034154858,9.979371748,0.91383404,2.222622322,1.41125546,3.474483263,0.021982821,0.005915123,0.034154858,1.428890558,0.144993667,2.001317711,-0.169125,-2.237390642,0.019815546,0.01000634,-0.022627999,0.295660337,,,,,,,,,,,,,,,,,11740,-787,,,1.530754576,-0.102499489,,,,,,,,,,,0.015212014,-0.001025859,,,0.001122644,-7.57E-05,,,,,,,,,,,0.62078532,-0.04161483,,,1.530754602,-0.102499503,,,,,,,,,,,0.015212014,-0.001025859,,,0.004108424,-0.000276977,,,,,,,,,,,-0.101681001,-0.384366332,,,-1.415290467,-5.021850036,,,,,,,,,,,-0.014632576,-0.050258125,,,-0.007404126,-0.024694207,,,,,,,,,,,,,,,,,,,,,,,,,,,,,,,,,,,,,,,,,,,,,,,,,,,,,,,,,,,,,,,,,,,,,,,,,,
1981Q2,803602,794832,777550,766850,767890,,4.487096642,42.49270154,7.181358667,,,,,8770,1.103377821,35712,4.650666111,0.01097335,0.000807702,0.045457628,9.990369407,0.46373826,1.103377823,1.8883718,4.650666104,0.01097335,0.002935339,0.045457628,1.439952844,-0.208545,-2.822025961,-0.563101666,-7.271025246,-0.028626105,-0.014312232,-0.075489197,0.255124137,,,,,,,,,,,,,,,,,6582,11740,-787,,0.827303829,1.530754576,-0.102499489,,,,,,,,,,0.008126085,0.015212014,-0.001025859,,0.000598052,0.001122644,-7.57E-05,,,,,,,,,,0.34804163,0.62078532,-0.04161483,,0.827303793,1.530754602,-0.102499503,,,,,,,,,,0.008126085,0.015212014,-0.001025859,,0.002172607,0.004108424,-0.000276977,,,,,,,,,,0.445609334,-0.101681001,-0.384366332,,5.985343216,-1.415290467,-5.021850036,,,,,,,,,,0.060471153,-0.014632576,-0.050258125,,0.03012337,-0.007404126,-0.024694207,,,,,,,,,,,,,,,,,,,,,,,,,,,,,,,,,,,,,,,,,,,,,,,,,,,,,,,,,,,,,,,,,,,,,,,,,
1981Q3,796401,803602,794832,777550,766850,,-3.536469909,42.11192854,7.463145333,,,,,-7201,-0.896090353,29551,3.853556758,-0.009001294,-0.000662013,0.037811613,9.981468128,-0.380773,-0.896090355,1.56259171,3.853556759,-0.009001294,-0.002400772,0.037811613,1.431317525,0.281786666,3.923862866,-0.082380334,-1.091777268,0.038488357,0.019522485,-0.010977809,0.306406898,,,,,,,,,,,,,,,,,-8512,6582,11740,-787,-1.119244519,0.827303829,1.530754576,-0.102499489,9023,,,,1.176182844,,,,-0.011009471,0.008126085,0.015212014,-0.001025859,-0.000812983,0.000598052,0.001122644,-7.57E-05,0.01130277,,,,0.010997659,,,,-0.45009578,0.34804163,0.62078532,-0.04161483,-1.119244499,0.827303793,1.530754602,-0.102499503,0.47711634,,,,1.176182841,,,,-0.011009471,0.008126085,0.015212014,-0.001025859,-0.002979784,0.002172607,0.004108424,-0.000276977,0.01130277,,,,0.011062286,,,,-0.353538667,0.445609334,-0.101681001,-0.384366332,-4.823343673,5.985343216,-1.415290467,-5.021850036,-0.393976666,,,,-5.033634605,,,,-0.048441651,0.060471153,-0.014632576,-0.050258125,-0.024318571,0.03012337,-0.007404126,-0.024694207,-0.052861198,,,,-0.0405362,,,,,,,,,,,,,,,,,,,,,,,,,,,,,,,,,,,,,,,,,,,,,,,,,,,,,,,,,,,,,,,,,,,
1981Q4,792772,796401,803602,794832,777550,,-1.810279294,41.92003503,8.423633333,,,,,-3629,-0.455674968,15222,1.957687609,-0.004567163,-0.000336121,0.019387714,9.975878854,-0.19189351,-0.455674952,0.80490579,1.957687608,-0.004567163,-0.001221059,0.019387714,1.423014832,0.960488,12.86974804,1.178723333,16.2696753,0.121064296,0.060231684,0.150742094,0.447793327,,,,,,,,,,,,,,,,,-15971,-8512,6582,11740,-1.999468174,-1.119244519,0.827303829,1.530754576,-6161,9023,,,-0.797109353,1.176182844,,,-0.019974644,-0.011009471,0.008126085,0.015212014,-0.001469715,-0.000812983,0.000598052,0.001122644,-0.007646015,0.01130277,,,-0.008901279,0.010997659,,,-0.84451126,-0.45009578,0.34804163,0.62078532,-1.999468178,-1.119244499,0.827303793,1.530754602,-0.32578009,0.47711634,,,-0.797109345,1.176182841,,,-0.019974644,-0.011009471,0.008126085,0.015212014,-0.005336111,-0.002979784,0.002172607,0.004108424,-0.007646015,0.01130277,,,-0.008635319,0.011062286,,,0.490331666,-0.353538667,0.445609334,-0.101681001,6.745888827,-4.823343673,5.985343216,-1.415290467,0.480721332,-0.393976666,,,6.179247978,-5.033634605,,,0.067114462,-0.048441651,0.060471153,-0.014632576,0.033834717,-0.024318571,0.03012337,-0.007404126,0.064511389,-0.052861198,,,0.051282761,-0.0405362,,,,,,,,,,,,,,,,,,,,,,,,,,,,,,,,,,,,,,,,,,,,,,,,,,,,,,,,,,,,,,,,,,
1982Q1,783342,792772,796401,803602,794832,-1.445588502,-4.673765431,41.42139742,8.944790667,,,,,-9430,-1.189497106,-11490,-1.445588502,-0.011966282,-0.000880956,-0.014561389,9.962293198,-0.49863761,-1.189497121,-0.60756586,-1.4455885,-0.011966282,-0.003203169,-0.014561389,1.405150853,0.521157334,6.186847331,1.554887,21.04069376,0.060030067,0.02816936,0.190956615,0.497866786,,,,,,,,,,,,,,,,,3572,-15971,-8512,6582,0.440415385,-1.999468174,-1.119244519,0.827303829,-14329,-6161,9023,,-1.89586915,-0.797109353,1.176182844,,0.004434131,-0.019974644,-0.011009471,0.008126085,0.000325892,-0.001469715,-0.000812983,0.000598052,-0.018423899,-0.007646015,0.01130277,,-0.005589275,-0.008901279,0.010997659,,0.18887949,-0.84451126,-0.45009578,0.34804163,0.440415403,-1.999468178,-1.119244499,0.827303793,-0.75768592,-0.32578009,0.47711634,,-1.895869151,-0.797109345,1.176182841,,0.004434131,-0.019974644,-0.011009471,0.008126085,0.001179714,-0.005336111,-0.002979784,0.002172607,-0.018423899,-0.007646015,0.01130277,,-0.008302693,-0.008635319,0.011062286,,0.678701334,0.490331666,-0.353538667,0.445609334,8.945885171,6.745888827,-4.823343673,5.985343216,1.261103667,0.480721332,-0.393976666,,17.36145257,6.179247978,-5.033634605,,0.082575938,0.067114462,-0.048441651,0.060471153,0.040709198,0.033834717,-0.024318571,0.03012337,0.161719903,0.064511389,-0.052861198,,0.141386428,0.051282761,-0.0405362,,,,,,,,,,,,,,,,,,,,,,,,,,,,,,,,,,,,,,,,,,,,,,,,,,,,,,,,,,,,,,,,,
1982Q2,774312,783342,792772,796401,803602,-3.644839112,-4.531893381,40.94391094,10.41304833,,,,,-9030,-1.152753204,-29290,-3.644839112,-0.011594489,-0.000854337,-0.037129229,9.949891332,-0.47748648,-1.15275319,-1.5487906,-3.644839099,-0.011594489,-0.00311362,-0.037129228,1.390625325,1.468257663,16.41466768,3.231689663,45.00108981,0.151988352,0.069367141,0.371571072,0.664270778,,,,,,,,,,,,,,,,,-5801,3572,-15971,-8512,-0.733822139,0.440415385,-1.999468174,-1.119244519,-26712,-14329,-6161,9023,-3.40327611,-1.89586915,-0.797109353,1.176182844,-0.007399119,0.004434131,-0.019974644,-0.011009471,-0.000544835,0.000325892,-0.001469715,-0.000812983,-0.033949103,-0.018423899,-0.007646015,0.01130277,-0.013585656,-0.005589275,-0.008901279,0.010997659,-0.3067441,0.18887949,-0.84451126,-0.45009578,-0.73382217,0.440415403,-1.999468178,-1.119244499,-1.41247165,-0.75768592,-0.32578009,0.47711634,-3.403276108,-1.895869151,-0.797109345,1.176182841,-0.007399119,0.004434131,-0.019974644,-0.011009471,-0.00198211,0.001179714,-0.005336111,-0.002979784,-0.033949103,-0.018423899,-0.007646015,0.01130277,-0.017863979,-0.008302693,-0.008635319,0.011062286,-0.439330666,0.678701334,0.490331666,-0.353538667,-6.682900707,8.945885171,6.745888827,-4.823343673,0.376163667,1.261103667,0.480721332,-0.393976666,4.771018461,17.36145257,6.179247978,-5.033634605,-0.061034229,0.082575938,0.067114462,-0.048441651,-0.032062324,0.040709198,0.033834717,-0.024318571,0.040214521,0.161719903,0.064511389,-0.052861198,0.050073459,0.141386428,0.051282761,-0.0405362,,,,,,,,,,,,,,,,,,,,,,,,,,,,,,,,,,,,,,,,,,,,,,,,,,,,,,,,,,,,,,,,
1982Q3,767485,774312,783342,792772,796401,-3.630834215,-3.48037509,40.58291423,12.079513,,,,,-6827,-0.881685935,-28916,-3.630834215,-0.008855958,-0.000653107,-0.036983893,9.941697607,-0.36099671,-0.88168595,-1.52901431,-3.630834215,-0.008855958,-0.002385634,-0.036983893,1.384173026,1.66646467,16.00361985,4.616367667,61.85552419,0.14845121,0.063357845,0.481533925,0.793387622,,,,,,,,,,,,,,,,,400,-5801,3572,-15971,0.036743903,-0.733822139,0.440415385,-1.999468174,-17800,-26712,-14329,-6161,-2.19925061,-3.40327611,-1.89586915,-0.797109353,0.000371793,-0.007399119,0.004434131,-0.019974644,2.66E-05,-0.000544835,0.000325892,-0.001469715,-0.022567839,-0.033949103,-0.018423899,-0.007646015,-0.012401865,-0.013585656,-0.005589275,-0.008901279,0.02115113,-0.3067441,0.18887949,-0.84451126,0.036743932,-0.73382217,0.440415403,-1.999468178,-0.94122474,-1.41247165,-0.75768592,-0.32578009,-2.199250599,-3.403276108,-1.895869151,-0.797109345,0.000371793,-0.007399119,0.004434131,-0.019974644,8.95E-05,-0.00198211,0.001179714,-0.005336111,-0.022567839,-0.033949103,-0.018423899,-0.007646015,-0.014525528,-0.017863979,-0.008302693,-0.008635319,0.947100329,-0.439330666,0.678701334,0.490331666,10.22782035,-6.682900707,8.945885171,6.745888827,1.676802663,0.376163667,1.261103667,0.480721332,23.96039604,4.771018461,17.36145257,6.179247978,0.091958285,-0.061034229,0.082575938,0.067114462,0.041197781,-0.032062324,0.040709198,0.033834717,0.180614457,0.040214521,0.161719903,0.064511389,0.166403992,0.050073459,0.141386428,0.051282761,,,,,,,,,,,,,,,,,,,,,,,,,,,,,,,,,,,,,,,,,,,,,,,,,,,,,,,,,,,,,,,,
1982Q4,760402,767485,774312,783342,792772,-4.083141181,-3.640748688,40.20838081,12.99237233,,,,,-7083,-0.922884486,-32370,-4.083141181,-0.009271694,-0.000684214,-0.041688424,9.93276209,-0.37453342,-0.922884487,-1.71165422,-4.083141197,-0.009271695,-0.002503599,-0.041688424,1.376123136,0.91285933,7.557087194,4.568738997,54.23715416,0.072851564,0.029239914,0.433321194,0.807751733,,,,,,,,,,,,,,,,,2203,400,-5801,3572,0.271067268,0.036743903,-0.733822139,0.440415385,374,-17800,-26712,-14329,0.014004896,-2.19925061,-3.40327611,-1.89586915,0.002738531,0.000371793,-0.007399119,0.004434131,0.00020123,2.66E-05,-0.000544835,0.000325892,0.000145336,-0.022567839,-0.033949103,-0.018423899,-0.008193726,-0.012401865,-0.013585656,-0.005589275,0.11648977,0.02115113,-0.3067441,0.18887949,0.27106724,0.036743932,-0.73382217,0.440415403,0.01977629,-0.94122474,-1.41247165,-0.75768592,0.014004884,-2.199250599,-3.403276108,-1.895869151,0.002738531,0.000371793,-0.007399119,0.004434131,0.000727986,8.95E-05,-0.00198211,0.001179714,0.000145336,-0.022567839,-0.033949103,-0.018423899,-0.006452299,-0.014525528,-0.017863979,-0.008302693,0.198207007,0.947100329,-0.439330666,0.678701334,-0.411047829,10.22782035,-6.682900707,8.945885171,1.384678004,1.676802663,0.376163667,1.261103667,16.85443439,23.96039604,4.771018461,17.36145257,-0.003537142,0.091958285,-0.061034229,0.082575938,-0.006009296,0.041197781,-0.032062324,0.040709198,0.109962853,0.180614457,0.040214521,0.161719903,0.129116844,0.166403992,0.050073459,0.141386428,,,,,,,,,,,,,,,,,,,,,,,,,,,,,,,,,,,,,,,,,,,,,,,,,,,,,,,,,,,,,,,,
1983Q1,772908,760402,767485,774312,783342,-1.331985263,6.742705958,40.86967051,12.639365,,,,,12506,1.644656379,-10434,-1.331985263,0.016312784,0.001204642,-0.013409358,9.949956218,0.6612897,1.644656379,-0.55172691,-1.331985265,0.016312784,0.004415931,-0.013409358,1.39564423,-0.35300733,-2.717035204,3.694574333,41.30420119,-0.027546291,-0.010741965,0.345744836,0.752425541,,,,,,,,,,,,,,,,,-256,2203,400,-5801,-0.041198551,0.271067268,0.036743903,-0.733822139,-3454,374,-17800,-26712,-0.452306965,0.014004896,-2.19925061,-3.40327611,-0.000415737,0.002738531,0.000371793,-0.007399119,-3.11E-05,0.00020123,2.66E-05,-0.000544835,-0.004704531,0.000145336,-0.022567839,-0.033949103,-0.008935517,-0.008193726,-0.012401865,-0.013585656,-0.01353671,0.11648977,0.02115113,-0.3067441,-0.041198538,0.27106724,0.036743932,-0.73382217,-0.18263991,0.01977629,-0.94122474,-1.41247165,-0.452306982,0.014004884,-2.199250599,-3.403276108,-0.000415737,0.002738531,0.000371793,-0.007399119,-0.000117965,0.000727986,8.95E-05,-0.00198211,-0.004704531,0.000145336,-0.022567839,-0.033949103,-0.00804989,-0.006452299,-0.014525528,-0.017863979,-0.75360534,0.198207007,0.947100329,-0.439330666,-8.446532661,-0.411047829,10.22782035,-6.682900707,-0.04762867,1.384678004,1.676802663,0.376163667,-7.618370029,16.85443439,23.96039604,4.771018461,-0.075599646,-0.003537142,0.091958285,-0.061034229,-0.03411793,-0.006009296,0.041197781,-0.032062324,-0.048212731,0.109962853,0.180614457,0.040214521,0.014364111,0.129116844,0.166403992,0.050073459,,,,,,,,,,,,,,,,,,,,,,,,,,,,,,,,,,,,,,,,,,,,,,,,,,,,,,,,,,,,,,,,
1983Q2,788268,772908,760402,767485,774312,1.802374237,8.189316326,41.68187344,12.422244,,,,,15360,1.987299912,13956,1.802374237,0.019678109,0.001451411,0.01786324,9.970489029,0.81220293,1.987299922,0.7379625,1.802374231,0.019678109,0.005303518,0.01786324,1.418440816,-0.217121,-1.717815729,2.00919567,19.29498074,-0.017327414,-0.006830378,0.17642907,0.668031111,,,,,,,,,,,,,,,,,19589,-256,2203,400,2.567540865,-0.041198551,0.271067268,0.036743903,21936,-3454,374,-17800,2.751155917,-0.452306965,0.014004896,-2.19925061,0.025584478,-0.000415737,0.002738531,0.000371793,0.001888856,-3.11E-05,0.00020123,2.66E-05,0.028279066,-0.004704531,0.000145336,-0.022567839,0.017194128,-0.008935517,-0.008193726,-0.012401865,1.03582312,-0.01353671,0.11648977,0.02115113,2.567540867,-0.041198538,0.27106724,0.036743932,1.15992731,-0.18263991,0.01977629,-0.94122474,2.751155932,-0.452306982,0.014004884,-2.199250599,0.025584478,-0.000415737,0.002738531,0.000371793,0.00691953,-0.000117965,0.000727986,8.95E-05,0.028279066,-0.004704531,0.000145336,-0.022567839,0.019521094,-0.00804989,-0.006452299,-0.014525528,-1.26586666,-0.75360534,0.198207007,0.947100329,-10.2741224,-8.446532661,-0.411047829,10.22782035,-0.874164664,-0.04762867,1.384678004,1.676802663,-12.93295298,-7.618370029,16.85443439,23.96039604,-0.100397856,-0.075599646,-0.003537142,0.091958285,-0.039981879,-0.03411793,-0.006009296,0.041197781,-0.087576358,-0.048212731,0.109962853,0.180614457,-0.055326191,0.014364111,0.129116844,0.166403992,,,,,,,,,,,,,,,,,,,,,,,,,,,,,,,,,,,,,,,,,,,,,,,,,,,,,,,,,,,,,,,,
1983Q3,797200,788268,772908,760402,767485,3.871736907,4.61008952,42.1541779,11.643275,,,,,8932,1.133117163,29715,3.871736907,0.011267455,0.000829857,0.037986653,9.982409804,0.47230446,1.133117159,1.57126367,3.871736911,0.011267455,0.003020712,0.037986653,1.432096755,-0.778969,-6.270759132,-0.436238,-3.611387313,-0.064759976,-0.025703618,-0.036782117,0.541839456,,,,,,,,,,,,,,,,,2854,19589,-256,2203,0.342643532,2.567540865,-0.041198551,0.271067268,24390,21936,-3454,374,3.1343595,2.751155917,-0.452306965,0.014004896,0.003365325,0.025584478,-0.000415737,0.002738531,0.000246769,0.001888856,-3.11E-05,0.00020123,0.031272598,0.028279066,-0.004704531,0.000145336,0.020532811,0.017194128,-0.008935517,-0.008193726,0.15091323,1.03582312,-0.01353671,0.11648977,0.342643542,2.567540867,-0.041198538,0.27106724,1.28968941,1.15992731,-0.18263991,0.01977629,3.134359496,2.751155932,-0.452306982,0.014004884,0.003365325,0.025584478,-0.000415737,0.002738531,0.000887586,0.00691953,-0.000117965,0.000727986,0.031272598,0.028279066,-0.004704531,0.000145336,0.022796586,0.019521094,-0.00804989,-0.006452299,0.13588633,-1.26586666,-0.75360534,0.198207007,0.999219475,-10.2741224,-8.446532661,-0.411047829,-1.685378663,-0.874164664,-0.04762867,1.384678004,-22.00922045,-12.93295298,-7.618370029,16.85443439,0.010218878,-0.100397856,-0.075599646,-0.003537142,0.003911587,-0.039981879,-0.03411793,-0.006009296,-0.169315766,-0.087576358,-0.048212731,0.109962853,-0.08439443,-0.055326191,0.014364111,0.129116844,,,,,,,,,,,,,,,,,,,,,,,,,,,,,,,,,,,,,,,,,,,,,,,,,,,,,,,,,,,,,,,,
1983Q4,807342,797200,788268,772908,760402,6.173050571,5.186747065,42.69046449,11.28781133,,,,,10142,1.272202709,46940,6.173050571,0.012641782,0.000930305,0.05990013,9.995736034,0.53628659,1.272202701,2.48208368,6.173050568,0.012641782,0.003378951,0.059900129,1.447245274,-0.35546367,-3.052952627,-1.704561,-13.1197056,-0.03100526,-0.012630829,-0.140638941,0.482013613,,,,,,,,,,,,,,,,,-6428,2854,19589,-256,-0.854182748,0.342643532,2.567540865,-0.041198551,15759,24390,21936,-3454,2.06936267,3.1343595,2.751155917,-0.452306965,-0.008410654,0.003365325,0.025584478,-0.000415737,-0.000621555,0.000246769,0.001888856,-3.11E-05,0.020123413,0.031272598,0.028279066,-0.004704531,0.011920775,0.020532811,0.017194128,-0.008935517,-0.33989847,0.15091323,1.03582312,-0.01353671,-0.854182763,0.342643542,2.567540867,-0.041198538,0.83330117,1.28968941,1.15992731,-0.18263991,2.06936268,3.134359496,2.751155932,-0.452306982,-0.008410654,0.003365325,0.025584478,-0.000415737,-0.002282806,0.000887586,0.00691953,-0.000117965,0.020123413,0.031272598,0.028279066,-0.004704531,0.013655939,0.022796586,0.019521094,-0.00804989,-0.561848,0.13588633,-1.26586666,-0.75360534,-4.552943403,0.999219475,-10.2741224,-8.446532661,-2.44543367,-1.685378663,-0.874164664,-0.04762867,-22.90636806,-22.00922045,-12.93295298,-7.618370029,-0.047432563,0.010218878,-0.100397856,-0.075599646,-0.01887324,0.003911587,-0.039981879,-0.03411793,-0.213211187,-0.169315766,-0.087576358,-0.048212731,-0.126191656,-0.08439443,-0.055326191,0.014364111,,,,,,,,,,,,,,,,,,,,,,,,,,,,,,,,,,,,,,,,,,,,,,,,,,,,,,,,,,,,,,,,
1984Q1,821188,807342,797200,788268,772908,6.246539045,7.038543992,43.42261044,11.28983333,,,,,13846,1.715010491,48280,6.246539045,0.017004702,0.001250208,0.060592048,10.01153682,0.73214595,1.715010504,2.55293993,6.246539055,0.017004702,0.004529785,0.060592048,1.459843766,0.002022,0.017913127,-1.34953167,-10.677211,0.000179115,7.39E-05,-0.112913535,0.492992805,,,,,,,,,,,,,,,,,1210,-6428,2854,19589,0.139085546,-0.854182748,0.342643532,2.567540865,17225,15759,24390,21936,2.301313664,2.06936267,3.1343595,2.751155917,0.001374327,-0.008410654,0.003365325,0.025584478,0.000100448,-0.000621555,0.000246769,0.001888856,0.021913476,0.020123413,0.031272598,0.028279066,0.01332623,0.011920775,0.020532811,0.017194128,0.06398213,-0.33989847,0.15091323,1.03582312,0.139085543,-0.854182763,0.342643542,2.567540867,0.91082001,0.83330117,1.28968941,1.15992731,2.301313657,2.06936268,3.134359496,2.751155932,0.001374327,-0.008410654,0.003365325,0.025584478,0.000358239,-0.002282806,0.000887586,0.00691953,0.021913476,0.020123413,0.031272598,0.028279066,0.01514852,0.013655939,0.022796586,0.019521094,0.42350533,-0.561848,0.13588633,-1.26586666,3.217806505,-4.552943403,0.999219475,-10.2741224,-1.268323,-2.44543367,-1.685378663,-0.874164664,-9.508318285,-22.90636806,-22.00922045,-12.93295298,0.033754716,-0.047432563,0.010218878,-0.100397856,0.013072789,-0.01887324,0.003911587,-0.039981879,-0.103856824,-0.213211187,-0.169315766,-0.087576358,-0.059825842,-0.126191656,-0.08439443,-0.055326191,,,,,,,,,,,,,,,,,,,,,,,,,,,,,,,,,,,,,,,,,,,,,,,,,,,,,,,,,,,,,,,,
1984Q2,837251,821188,807342,797200,788268,6.214003359,8.056854712,44.27198645,11.51446367,,,,,16063,1.956068525,48983,6.214003359,0.019371834,0.001422464,0.060285773,10.02945829,0.84937601,1.956068512,2.59011301,6.214003345,0.019371834,0.005137082,0.060285772,1.473926097,0.22463034,1.989669231,-0.90778033,-7.307700042,0.01970134,0.008127942,-0.075884781,0.519547957,,,,,,,,,,,,,,,,,3704,1210,-6428,2854,0.442807782,0.139085546,-0.854182748,0.342643532,1340,17225,15759,24390,0.073488474,2.301313664,2.06936267,3.1343595,0.00436292,0.001374327,-0.008410654,0.003365325,0.000319903,0.000100448,-0.000621555,0.000246769,0.000691918,0.021913476,0.020123413,0.031272598,0.015800785,0.01332623,0.011920775,0.020532811,0.19585936,0.06398213,-0.33989847,0.15091323,0.442807802,0.139085543,-0.854182763,0.342643542,0.07085625,0.91082001,0.83330117,1.28968941,0.073488487,2.301313657,2.06936268,3.134359496,0.00436292,0.001374327,-0.008410654,0.003365325,0.001150834,0.000358239,-0.002282806,0.000887586,0.000691918,0.021913476,0.020123413,0.031272598,0.012598492,0.01514852,0.013655939,0.022796586,0.35748567,0.42350533,-0.561848,0.13588633,3.070865754,3.217806505,-4.552943403,0.999219475,0.35502933,-1.268323,-2.44543367,-1.685378663,2.4424946,-9.508318285,-22.90636806,-22.00922045,0.031184375,0.033754716,-0.047432563,0.010218878,0.01270473,0.013072789,-0.01887324,0.003911587,0.027725407,-0.103856824,-0.213211187,-0.169315766,0.010979192,-0.059825842,-0.126191656,-0.08439443,,,,,,,,,,,,,,,,,,,,,,,,,,,,,,,,,,,,,,,,,,,,,,,,,,,,,,,,,,,,,,,,
1984Q3,840804,837251,821188,807342,797200,5.469643753,1.708295641,44.45986126,11.424368,,,,,3553,0.424364975,43604,5.469643753,0.004234671,0.000310508,0.053252989,10.03286345,0.18787481,0.424364988,2.30568336,5.469643757,0.004234671,0.001117224,0.053252989,1.475144609,-0.09009567,-0.782456505,-0.218907,-1.880115346,-0.007855338,-0.003214653,-0.018980142,0.537732347,,,,,,,,,,,,,,,,,2217,3704,1210,-6428,0.241058034,0.442807782,0.139085546,-0.854182748,703,1340,17225,15759,-0.032535685,0.073488474,2.301313664,2.06936267,0.002367132,0.00436292,0.001374327,-0.008410654,0.000172256,0.000319903,0.000100448,-0.000621555,-0.000306275,0.000691918,0.021913476,0.020123413,0.017921475,0.015800785,0.01332623,0.011920775,0.11723006,0.19585936,0.06398213,-0.33989847,0.241058009,0.442807802,0.139085543,-0.854182763,0.03717308,0.07085625,0.91082001,0.83330117,-0.032535709,0.073488487,2.301313657,2.06936268,0.002367132,0.00436292,0.001374327,-0.008410654,0.000607297,0.001150834,0.000358239,-0.002282806,-0.000306275,0.000691918,0.021913476,0.020123413,0.01408233,0.012598492,0.01514852,0.013655939,0.22260834,0.35748567,0.42350533,-0.561848,1.971756104,3.070865754,3.217806505,-4.552943403,0.44175134,0.35502933,-1.268323,-2.44543367,3.369510957,2.4424946,-9.508318285,-22.90636806,0.019522225,0.031184375,0.033754716,-0.047432563,0.008054041,0.01270473,0.013072789,-0.01887324,0.037028754,0.027725407,-0.103856824,-0.213211187,0.026555152,0.010979192,-0.059825842,-0.126191656,,,,,,,,,,,,,,,,,,,,,,,,,,,,,,,,,,,,,,,,,,,,,,,,,,,,,,,,,,,,,,,,
1984Q4,854056,840804,837251,821188,807342,5.78614763,6.455061667,45.16059779,11.26714633,,,,,13252,1.576110485,46714,5.78614763,0.015638188,0.001146317,0.056249395,10.04757177,0.70073653,1.576110474,2.4701333,5.786147632,0.015638188,0.004121183,0.056249395,1.487409543,-0.15722167,-1.376195777,-0.020665,-0.183073577,-0.013857531,-0.005689229,-0.001832414,0.536586092,,,,,,,,,,,,,,,,,-12510,2217,3704,1210,-1.53170355,0.241058034,0.442807782,0.139085546,-5379,703,1340,17225,-0.744359606,-0.032535685,0.073488474,2.301313664,-0.015137163,0.002367132,0.00436292,0.001374327,-0.001111956,0.000172256,0.000319903,0.000100448,-0.007032784,-0.000306275,0.000691918,0.021913476,0.003405158,0.017921475,0.015800785,0.01332623,-0.6615012,0.11723006,0.19585936,0.06398213,-1.531703524,0.241058009,0.442807802,0.139085543,-0.28442965,0.03717308,0.07085625,0.91082001,-0.744359588,-0.032535709,0.073488487,2.301313657,-0.015137163,0.002367132,0.00436292,0.001374327,-0.004019858,0.000607297,0.001150834,0.000358239,-0.007032784,-0.000306275,0.000691918,0.021913476,0.001218513,0.01408233,0.012598492,0.01514852,-0.31472601,0.22260834,0.35748567,0.42350533,-2.772125736,1.971756104,3.070865754,3.217806505,0.68887333,0.44175134,0.35502933,-1.268323,5.427584696,3.369510957,2.4424946,-9.508318285,-0.027556678,0.019522225,0.031184375,0.033754716,-0.011342595,0.008054041,0.01270473,0.013072789,0.056904639,0.037028754,0.027725407,-0.103856824,0.018184391,0.026555152,0.010979192,-0.059825842,,,,,,,,,,,,,,,,,,,,,,,,,,,,,,,,,,,,,,,,,,,,,,,,,,,,,,,,,,,,,,,,
1985Q1,867029,854056,840804,837251,821188,5.582278358,6.21579472,45.84658142,10.78272967,,,,,12973,1.518987045,45841,5.582278358,0.015075659,0.001103817,0.054320353,10.061398,0.68598363,1.518987045,2.42397098,5.582278346,0.015075659,0.003956632,0.054320353,1.497965646,-0.48441666,-4.299373114,-0.50710366,-4.491684201,-0.043945337,-0.018145051,-0.045956866,0.492566857,,,,,,,,,,,,,,,,,9699,-12510,2217,3704,1.151745509,-1.53170355,0.241058034,0.442807782,3110,-5379,703,1340,0.316503877,-0.744359606,-0.032535685,0.073488474,0.011403518,-0.015137163,0.002367132,0.00436292,0.000835809,-0.001111956,0.000172256,0.000319903,0.002996407,-0.007032784,-0.000306275,0.000691918,0.014708316,0.003405158,0.017921475,0.015800785,0.51286172,-0.6615012,0.11723006,0.19585936,1.151745486,-1.531703524,0.241058009,0.442807802,0.16444994,-0.28442965,0.03717308,0.07085625,0.316503874,-0.744359588,-0.032535709,0.073488487,0.011403517,-0.015137163,0.002367132,0.00436292,0.00300396,-0.004019858,0.000607297,0.001150834,0.002996406,-0.007032784,-0.000306275,0.000691918,0.012264934,0.001218513,0.01408233,0.012598492,-0.067126,-0.31472601,0.22260834,0.35748567,-0.593739272,-2.772125736,1.971756104,3.070865754,0.198242,0.68887333,0.44175134,0.35502933,1.697041768,5.427584696,3.369510957,2.4424946,-0.006002194,-0.027556678,0.019522225,0.031184375,-0.002474576,-0.011342595,0.008054041,0.01270473,0.017147729,0.056904639,0.037028754,0.027725407,-0.001146255,0.018184391,0.026555152,0.010979192,,,,,,,,,,,,,,,,,,,,,,,,,,,,,,,,,,,,,,,,,,,,,,,,,,,,,,,,,,,,,,,,
1985Q2,869814,867029,854056,840804,837251,3.889275737,1.291051341,45.99384608,10.69149833,,,,,2785,0.321211863,32563,3.889275737,0.003206971,0.000234551,0.03815549,10.06318352,0.14726466,0.321211867,1.72185963,3.889275743,0.003206971,0.000838358,0.03815549,1.496048685,-0.09123134,-0.846087612,-0.82296534,-7.147231201,-0.008496873,-0.003573199,-0.074155079,0.475974897,,,,,,,,,,,,,,,,,-279,9699,-12510,2217,-0.057123439,1.151745509,-1.53170355,0.241058034,-873,3110,-5379,703,-0.203869272,0.316503877,-0.744359606,-0.032535685,-0.000562529,0.011403518,-0.015137163,0.002367132,-4.25E-05,0.000835809,-0.001111956,0.000172256,-0.001929042,0.002996407,-0.007032784,-0.000306275,0.013826233,0.014708316,0.003405158,0.017921475,-0.0147529,0.51286172,-0.6615012,0.11723006,-0.057123429,1.151745486,-1.531703524,0.241058009,-0.04616232,0.16444994,-0.28442965,0.03717308,-0.203869285,0.316503874,-0.744359588,-0.032535709,-0.000562529,0.011403517,-0.015137163,0.002367132,-0.000164551,0.00300396,-0.004019858,0.000607297,-0.001929043,0.002996406,-0.007032784,-0.000306275,0.010556103,0.012264934,0.001218513,0.01408233,-0.32719499,-0.067126,-0.31472601,0.22260834,-2.923177336,-0.593739272,-2.772125736,1.971756104,-0.48643866,0.198242,0.68887333,0.44175134,-4.308610624,1.697041768,5.427584696,3.369510957,-0.030087806,-0.006002194,-0.027556678,0.019522225,-0.012455822,-0.002474576,-0.011342595,0.008054041,-0.044124452,0.017147729,0.056904639,0.037028754,-0.044019235,-0.001146255,0.018184391,0.026555152,,,,,,,,,,,,,,,,,,,,,,,,,,,,,,,,,,,,,,,,,,,,,,,,,,,,,,,,,,,,,,,,
1985Q3,880826,869814,867029,854056,840804,4.75996784,5.161053471,46.57613636,10.313718,,,,,11012,1.266017792,40022,4.75996784,0.012580708,0.000919909,0.046501527,10.07545377,0.58229028,1.266017804,2.1162751,4.759967845,0.012580708,0.003286061,0.046501527,1.507512793,-0.37778033,-3.533464799,-1.11065,-9.721763164,-0.035974023,-0.015182443,-0.102273764,0.443220704,,,,,,,,,,,,,,,,,-10188,-279,9699,-12510,-1.197775183,-0.057123439,1.151745509,-1.53170355,-13278,-873,3110,-5379,-1.693002621,-0.203869272,0.316503877,-0.744359606,-0.011868689,-0.000562529,0.011403518,-0.015137163,-0.000869266,-4.25E-05,0.000835809,-0.001111956,-0.016164863,-0.001929042,0.002996407,-0.007032784,0.001785518,0.013826233,0.014708316,0.003405158,-0.53871897,-0.0147529,0.51286172,-0.6615012,-1.197775179,-0.057123429,1.151745486,-1.531703524,-0.70211135,-0.04616232,0.16444994,-0.28442965,-1.693002603,-0.203869285,0.316503874,-0.744359588,-0.011868689,-0.000562529,0.011403517,-0.015137163,-0.003118275,-0.000164551,0.00300396,-0.004019858,-0.016164863,-0.001929043,0.002996406,-0.007032784,-0.001916961,0.010556103,0.012264934,0.001218513,0.39318532,-0.32719499,-0.067126,-0.31472601,3.453285502,-2.923177336,-0.593739272,-2.772125736,-0.31586168,-0.48643866,0.198242,0.68887333,-2.655547,-4.308610624,1.697041768,5.427584696,0.035448464,-0.030087806,-0.006002194,-0.027556678,0.014571852,-0.012455822,-0.002474576,-0.011342595,-0.028198213,-0.044124452,0.017147729,0.056904639,-0.016591961,-0.044019235,-0.001146255,0.018184391,,,,,,,,,,,,,,,,,,,,,,,,,,,,,,,,,,,,,,,,,,,,,,,,,,,,,,,,,,,,,,,,
1985Q4,894378,880826,869814,867029,854056,4.721236078,6.297715072,47.29273623,10.21609267,,,,,13552,1.538555856,40322,4.721236078,0.015268401,0.001115409,0.046131739,10.08957651,0.71659987,1.538555849,2.13213844,4.721236087,0.015268401,0.003975019,0.046131739,1.518668479,-0.09762533,-0.94655807,-1.05105366,-9.328481491,-0.009510664,-0.004075752,-0.097926897,0.439415514,,,,,,,,,,,,,,,,,8227,-10188,-279,9699,0.94480593,-1.197775183,-0.057123439,1.151745509,7459,-13278,-873,3110,0.870692103,-1.693002621,-0.203869272,0.316503877,0.009373737,-0.011868689,-0.000562529,0.011403518,0.000685358,-0.000869266,-4.25E-05,0.000835809,0.008346037,-0.016164863,-0.001929042,0.002996407,0.012270248,0.001785518,0.013826233,0.014708316,0.43502562,-0.53871897,-0.0147529,0.51286172,0.944805937,-1.197775179,-0.057123429,1.151745486,0.39441547,-0.70211135,-0.04616232,0.16444994,0.870692102,-1.693002603,-0.203869285,0.316503874,0.009373737,-0.011868689,-0.000562529,0.011403517,0.002447703,-0.003118275,-0.000164551,0.00300396,0.008346037,-0.016164863,-0.001929043,0.002996406,0.011464108,-0.001916961,0.010556103,0.012264934,-0.28654899,0.39318532,-0.32719499,-0.067126,-2.687377187,3.453285502,-2.923177336,-0.593739272,-0.28768466,-0.31586168,-0.48643866,0.198242,-2.574531964,-2.655547,-4.308610624,1.697041768,-0.027477151,0.035448464,-0.030087806,-0.006002194,-0.011609245,0.014571852,-0.012455822,-0.002474576,-0.028118686,-0.028198213,-0.044124452,0.017147729,-0.032754193,-0.016591961,-0.044019235,-0.001146255,,,,,,,,,,,,,,,,,,,,,,,,,,,,,,,,,,,,,,,,,,,,,,,,,,,,,,,,,,,,,,,,
1986Q1,894180,894378,880826,869814,867029,3.131498485,-0.08852376,47.28226643,9.842552667,,,,,-198,-0.022138291,27151,3.131498485,-0.000221407,-1.62E-05,0.030834672,10.08825189,-0.0104698,-0.022138283,1.43568501,3.131498501,-0.000221407,-5.74E-05,0.030834672,1.514498246,-0.373540003,-3.656388162,-0.940177003,-8.71928567,-0.037249095,-0.016028257,-0.091230655,0.42047811,,,,,,,,,,,,,,,,,2540,8227,-10188,-279,0.272538063,0.94480593,-1.197775183,-0.057123439,300,7459,-13278,-873,-0.038731762,0.870692103,-1.693002621,-0.203869272,0.002687693,0.009373737,-0.011868689,-0.000562529,0.0001955,0.000685358,-0.000869266,-4.25E-05,-0.000369787,0.008346037,-0.016164863,-0.001929042,0.01412274,0.012270248,0.001785518,0.013826233,0.13430959,0.43502562,-0.53871897,-0.0147529,0.272538045,0.944805937,-1.197775179,-0.057123429,0.01586334,0.39441547,-0.70211135,-0.04616232,-0.038731758,0.870692102,-1.693002603,-0.203869285,0.002687693,0.009373737,-0.011868689,-0.000562529,0.000688959,0.002447703,-0.003118275,-0.000164551,-0.000369787,0.008346037,-0.016164863,-0.001929043,0.011155686,0.011464108,-0.001916961,0.010556103,0.280155,-0.28654899,0.39318532,-0.32719499,2.58690673,-2.687377187,3.453285502,-2.923177336,0.05959634,-0.28768466,-0.31586168,-0.48643866,0.393281673,-2.574531964,-2.655547,-4.308610624,0.026463359,-0.027477151,0.035448464,-0.030087806,0.011106692,-0.011609245,0.014571852,-0.012455822,0.004346867,-0.028118686,-0.028198213,-0.044124452,-0.00380519,-0.032754193,-0.016591961,-0.044019235,,,,,,,,,,,,,,,,,,,,,,,,,,,,,,,,,,,,,,,,,,,,,,,,,,,,,,,,,,,,,,,,
1986Q2,899328,894180,894378,880826,869814,3.393139223,2.322855895,47.55448131,9.584821667,,,,,5148,0.575723009,29514,3.393139223,0.005740721,0.000418919,0.033368422,10.09375809,0.27221488,0.575722994,1.56063523,3.39313922,0.00574072,0.001488724,0.033368422,1.51940096,-0.257731,-2.618538185,-1.106676663,-10.35099692,-0.026534324,-0.011603686,-0.109268106,0.397523384,,,,,,,,,,,,,,,,,-13750,2540,8227,-10188,-1.560694146,0.272538063,0.94480593,-1.197775183,-13171,300,7459,-13278,-1.589737593,-0.038731762,0.870692103,-1.693002621,-0.015489808,0.002687693,0.009373737,-0.011868689,-0.001131565,0.0001955,0.000685358,-0.000869266,-0.015297067,-0.000369787,0.008346037,-0.016164863,-0.001324616,0.01412274,0.012270248,0.001785518,-0.72706967,0.13430959,0.43502562,-0.53871897,-1.560694132,0.272538045,0.944805937,-1.197775179,-0.69645343,0.01586334,0.39441547,-0.70211135,-1.589737586,-0.038731758,0.870692102,-1.693002603,-0.015489808,0.002687693,0.009373737,-0.011868689,-0.004032433,0.000688959,0.002447703,-0.003118275,-0.015297067,-0.000369787,0.008346037,-0.016164863,-0.004170233,0.011155686,0.011464108,-0.001916961,-0.275914673,0.280155,-0.28654899,0.39318532,-2.709830092,2.58690673,-2.687377187,3.453285502,0.110876657,0.05959634,-0.28768466,-0.31586168,0.609195821,0.393281673,-2.574531964,-2.655547,-0.027738431,0.026463359,-0.027477151,0.035448464,-0.011952505,0.011106692,-0.011609245,0.014571852,0.006696242,0.004346867,-0.028118686,-0.028198213,-0.018937404,-0.00380519,-0.032754193,-0.016591961,,,,,,,,,,,,,,,,,,,,,,,,,,,,,,,,,,,,,,,,,,,,,,,,,,,,,,,,,,,,,,,,
1986Q3,900475,899328,894180,894378,880826,2.230747049,0.511135508,47.61513214,9.561280667,,,,,1147,0.127539674,19649,2.230747049,0.001274584,9.30E-05,0.022062298,10.09411319,0.06065083,0.127539673,1.03899578,2.230747033,0.001274584,0.000330043,0.022062298,1.517394871,-0.023541,-0.245607074,-0.752437333,-7.295500352,-0.002459092,-0.001088007,-0.075753175,0.410363169,,,,,,,,,,,,,,,,,5346,-13750,2540,8227,0.597861299,-1.560694146,0.272538063,0.94480593,2363,-13171,300,7459,0.261640738,-1.589737593,-0.038731762,0.870692103,0.005962128,-0.015489808,0.002687693,0.009373737,0.000435075,-0.001131565,0.0001955,0.000685358,0.00253375,-0.015297067,-0.000369787,0.008346037,0.005506197,-0.001324616,0.01412274,0.012270248,0.28268468,-0.72706967,0.13430959,0.43502562,0.597861278,-1.560694132,0.272538045,0.944805937,0.12495022,-0.69645343,0.01586334,0.39441547,0.261640719,-1.589737586,-0.038731758,0.870692102,0.005962128,-0.015489808,0.002687693,0.009373737,0.001546137,-0.004032433,0.000688959,0.002447703,0.00253375,-0.015297067,-0.000369787,0.008346037,0.004902714,-0.004170233,0.011155686,0.011464108,0.115809003,-0.275914673,0.280155,-0.28654899,1.037849977,-2.709830092,2.58690673,-2.687377187,-0.16649966,0.110876657,0.05959634,-0.28768466,-1.631711251,0.609195821,0.393281673,-2.574531964,0.010714771,-0.027738431,0.026463359,-0.027477151,0.004424571,-0.011952505,0.011106692,-0.011609245,-0.018037451,0.006696242,0.004346867,-0.028118686,-0.022954726,-0.018937404,-0.00380519,-0.032754193,,,,,,,,,,,,,,,,,,,,,,,,,,,,,,,,,,,,,,,,,,,,,,,,,,,,,,,,,,,,,,,,
1986Q4,893988,900475,899328,894180,894378,-0.043605724,-2.85060119,47.27211389,9.429739333,,,,,-6487,-0.720397568,-390,-0.043605724,-0.00723005,-0.00052733,-0.000436152,10.08576835,-0.34301825,-0.72039756,-0.02062234,-0.043605724,-0.00723005,-0.001871542,-0.000436152,1.506197682,-0.131541334,-1.375771077,-0.786353337,-7.697202467,-0.013853225,-0.006135931,-0.080095736,0.400594024,,,,,,,,,,,,,,,,,-4001,5346,-13750,2540,-0.448183335,0.597861299,-1.560694146,0.272538063,-9865,2363,-13171,300,-1.162392174,0.261640738,-1.589737593,-0.038731762,-0.004466136,0.005962128,-0.015489808,0.002687693,-0.000325947,0.000435075,-0.001131565,0.0001955,-0.011306124,0.00253375,-0.015297067,-0.000369787,0.000355098,0.005506197,-0.001324616,0.01412274,-0.21156405,0.28268468,-0.72706967,0.13430959,-0.448183321,0.597861278,-1.560694132,0.272538045,-0.52163945,0.12495022,-0.69645343,0.01586334,-1.162392187,0.261640719,-1.589737586,-0.038731758,-0.004466136,0.005962128,-0.015489808,0.002687693,-0.001158681,0.001546137,-0.004032433,0.000688959,-0.011306124,0.00253375,-0.015297067,-0.000369787,-0.002006089,0.004902714,-0.004170233,0.011155686,0.23419,0.115809003,-0.275914673,0.280155,2.372931112,1.037849977,-2.709830092,2.58690673,0.35423933,-0.16649966,0.110876657,0.05959634,3.055496569,-1.631711251,0.609195821,0.393281673,0.024075232,0.010714771,-0.027738431,0.026463359,0.010515679,0.004424571,-0.011952505,0.011106692,0.033514931,-0.018037451,0.006696242,0.004346867,0.012839785,-0.022954726,-0.018937404,-0.00380519,,,,,,,,,,,,,,,,,,,,,,,,,,,,,,,,,,,,,,,,,,,,,,,,,,,,,,,,,,,,,,,,
1987Q1,914692,893988,900475,899328,894180,2.293945291,9.590463983,48.36689575,9.469055667,,,,,20704,2.315914755,20512,2.293945291,0.022895044,0.001670751,0.022680299,10.10867955,1.09478186,2.315914754,1.08462932,2.293945282,0.022895044,0.005937634,0.022680299,1.529150141,0.039316334,0.416939775,-0.373497,-3.794716804,0.00416073,0.001854266,-0.038685911,0.420912853,,,,,,,,,,,,,,,,,-7634,-4001,5346,-13750,-0.847937242,-0.448183335,0.597861299,-1.560694146,-20039,-9865,2363,-13171,-2.274352773,-1.162392174,0.261640738,-1.589737593,-0.008504634,-0.004466136,0.005962128,-0.015489808,-0.000620301,-0.000325947,0.000435075,-0.001131565,-0.022498451,-0.011306124,0.00253375,-0.015297067,-0.008344837,0.000355098,0.005506197,-0.001324616,-0.40366908,-0.21156405,0.28268468,-0.72706967,-0.847937233,-0.448183321,0.597861278,-1.560694132,-1.05961812,-0.52163945,0.12495022,-0.69645343,-2.274352757,-1.162392187,0.261640719,-1.589737586,-0.008504634,-0.004466136,0.005962128,-0.015489808,-0.002201585,-0.001158681,0.001546137,-0.004032433,-0.02249845,-0.011306124,0.00253375,-0.015297067,-0.01119719,-0.002006089,0.004902714,-0.004170233,-0.108000334,0.23419,0.115809003,-0.275914673,-1.130164003,2.372931112,1.037849977,-2.709830092,-0.033916004,0.35423933,-0.16649966,0.110876657,-0.401702115,3.055496569,-1.631711251,0.609195821,-0.011394133,0.024075232,0.010714771,-0.027738431,-0.005047925,0.010515679,0.004424571,-0.011952505,-0.004342561,0.033514931,-0.018037451,0.006696242,-0.009769145,0.012839785,-0.022954726,-0.018937404,,,,,,,,,,,,,,,,,,,,,,,,,,,,,,,,,,,,,,,,,,,,,,,,,,,,,,,,,,,,,,,,
1987Q2,926552,914692,893988,900475,899328,3.02714916,5.2881921,48.9940264,8.997972,,,,,11860,1.296611318,27224,3.02714916,0.012882773,0.000938544,0.029822352,10.12114349,0.62713065,1.296611329,1.43954509,3.027149178,0.012882773,0.003321316,0.029822352,1.540545297,-0.471083667,-4.974980437,-0.586849667,-6.122697817,-0.051029965,-0.022699868,-0.063181552,0.381554421,,,,,,,,,,,,,,,,,27191,-7634,-4001,5346,3.036312323,-0.847937242,-0.448183335,0.597861299,20902,-20039,-9865,2363,2.337551014,-2.274352773,-1.162392174,0.261640738,0.030125094,-0.008504634,-0.004466136,0.005962128,0.002198081,-0.000620301,-0.000325947,0.000435075,0.023116452,-0.022498451,-0.011306124,0.00253375,0.022911201,-0.008344837,0.000355098,0.005506197,1.43780011,-0.40366908,-0.21156405,0.28268468,3.036312314,-0.847937233,-0.448183321,0.597861278,1.10525166,-1.05961812,-0.52163945,0.12495022,2.337551006,-2.274352757,-1.162392187,0.261640719,0.030125094,-0.008504634,-0.004466136,0.005962128,0.007809176,-0.002201585,-0.001158681,0.001546137,0.023116452,-0.02249845,-0.011306124,0.00253375,0.02295246,-0.01119719,-0.002006089,0.004902714,0.170857668,-0.108000334,0.23419,0.115809003,1.792710852,-1.130164003,2.372931112,1.037849977,0.412856337,-0.033916004,0.35423933,-0.16649966,3.902485663,-0.401702115,3.055496569,-1.631711251,0.018013955,-0.011394133,0.024075232,0.010714771,0.007990198,-0.005047925,0.010515679,0.004424571,0.041409825,-0.004342561,0.033514931,-0.018037451,0.020318829,-0.009769145,0.012839785,-0.022954726,,,,,,,,,,,,,,,,,,,,,,,,,,,,,,,,,,,,,,,,,,,,,,,,,,,,,,,,,,,,,,,,
1987Q3,940746,926552,914692,893988,900475,4.47219523,6.269914277,49.74457381,8.594271333,,,,,14194,1.53191618,40271,4.47219523,0.015203008,0.00110654,0.043750776,10.13625353,0.75054741,1.531916164,2.12944167,4.472195234,0.015203008,0.003906523,0.043750776,1.555418317,-0.403700667,-4.486573941,-0.967009334,-10.11380554,-0.045903361,-0.020893663,-0.106625822,0.336739659,,,,,,,,,,,,,,,,,-8844,27191,-7634,-4001,-1.019303437,3.036312323,-0.847937242,-0.448183335,6712,20902,-20039,-9865,0.73320387,2.337551014,-2.274352773,-1.162392174,-0.010012272,0.030125094,-0.008504634,-0.004466136,-0.000732207,0.002198081,-0.000620301,-0.000325947,0.007142052,0.023116452,-0.022498451,-0.011306124,0.012463942,0.022911201,-0.008344837,0.000355098,-0.46765121,1.43780011,-0.40366908,-0.21156405,-1.019303424,3.036312314,-0.847937233,-0.448183321,0.35491577,1.10525166,-1.05961812,-0.52163945,0.733203896,2.337551006,-2.274352757,-1.162392187,-0.010012271,0.030125094,-0.008504634,-0.004466136,-0.002616318,0.007809176,-0.002201585,-0.001158681,0.007142052,0.023116452,-0.02249845,-0.011306124,0.011395156,0.02295246,-0.01119719,-0.002006089,-0.510400001,0.170857668,-0.108000334,0.23419,-5.391920212,1.792710852,-1.130164003,2.372931112,-0.213352667,0.412856337,-0.033916004,0.35423933,-2.327981013,3.902485663,-0.401702115,3.055496569,-0.055190695,0.018013955,-0.011394133,0.024075232,-0.024554134,0.007990198,-0.005047925,0.010515679,-0.024495641,0.041409825,-0.004342561,0.033514931,-0.039358431,0.020318829,-0.009769145,0.012839785,,,,,,,,,,,,,,,,,,,,,,,,,,,,,,,,,,,,,,,,,,,,,,,,,,,,,,,,,,,,,,,,
1987Q4,952961,940746,926552,914692,893988,6.596620984,5.295785385,50.39047607,8.160245,,,,,12215,1.298437623,58973,6.596620984,0.012900802,0.000937938,0.063881627,10.14968181,0.64590226,1.298437619,3.11836218,6.596620975,0.012900802,0.003302055,0.063881627,1.570192415,-0.434026333,-5.050181873,-1.269494333,-13.46266623,-0.051821664,-0.024090821,-0.144594261,0.291072828,,,,,,,,,,,,,,,,,2334,-8844,27191,-7634,0.235304861,-1.019303437,3.036312323,-0.847937242,13047,6712,20902,-20039,1.44504607,0.73320387,2.337551014,-2.274352773,0.002320235,-0.010012272,0.030125094,-0.008504634,0.000167997,-0.000732207,0.002198081,-0.000620301,0.013928424,0.007142052,0.023116452,-0.022498451,0.015110041,0.012463942,0.022911201,-0.008344837,0.12341676,-0.46765121,1.43780011,-0.40366908,0.235304835,-1.019303424,3.036312314,-0.847937233,0.68989658,0.35491577,1.10525166,-1.05961812,1.445046056,0.733203896,2.337551006,-2.274352757,0.002320235,-0.010012271,0.030125094,-0.008504634,0.000585207,-0.002616318,0.007809176,-0.002201585,0.013928424,0.007142052,0.023116452,-0.02249845,0.01487302,0.011395156,0.02295246,-0.01119719,0.067383,-0.510400001,0.170857668,-0.108000334,0.488406496,-5.391920212,1.792710852,-1.130164003,-0.380159667,-0.213352667,0.412856337,-0.033916004,-3.991107725,-2.327981013,3.902485663,-0.401702115,0.005126604,-0.055190695,0.018013955,-0.011394133,0.001806205,-0.024554134,0.007990198,-0.005047925,-0.04344427,-0.024495641,0.041409825,-0.004342561,-0.044814762,-0.039358431,0.020318829,-0.009769145,,,,,,,,,,,,,,,,,,,,,,,,,,,,,,,,,,,,,,,,,,,,,,,,,,,,,,,,,,,,,,,,
1988Q1,966900,952961,940746,926552,914692,5.707713635,5.980443126,51.12753965,7.880293667,,,,,13939,1.46270414,52208,5.707713635,0.014521098,0.001054751,0.055507681,10.16253355,0.73706358,1.462704141,2.7606439,5.707713628,0.014521098,0.003704549,0.055507681,1.578793437,-0.279951333,-3.430673135,-1.588762,-16.77846298,-0.034909022,-0.016629091,-0.183664013,0.254311256,,,,,,,,,,,,,,,,,-1979,2334,-8844,27191,-0.233478557,0.235304861,-1.019303437,3.036312323,18702,13047,6712,20902,2.124425753,1.44504607,0.73320387,2.337551014,-0.002302206,0.002320235,-0.010012272,0.030125094,-0.000168602,0.000167997,-0.000732207,0.002198081,0.020130851,0.013928424,0.007142052,0.023116452,0.013428271,0.015110041,0.012463942,0.022911201,-0.10464515,0.12341676,-0.46765121,1.43780011,-0.233478545,0.235304835,-1.019303424,3.036312314,0.98892051,0.68989658,0.35491577,1.10525166,2.124425741,1.445046056,0.733203896,2.337551006,-0.002302206,0.002320235,-0.010012271,0.030125094,-0.000604468,0.000585207,-0.002616318,0.007809176,0.020130851,0.013928424,0.007142052,0.023116452,0.014774098,0.01487302,0.011395156,0.02295246,-0.030325666,0.067383,-0.510400001,0.170857668,-0.563607932,0.488406496,-5.391920212,1.792710852,-0.302484999,-0.380159667,-0.213352667,0.412856337,-3.34886069,-3.991107725,-2.327981013,3.902485663,-0.005918303,0.005126604,-0.055190695,0.018013955,-0.003197157,0.001806205,-0.024554134,0.007990198,-0.037968439,-0.04344427,-0.024495641,0.041409825,-0.045666831,-0.044814762,-0.039358431,0.020318829,,,,,,,,,,,,,,,,,,,,,,,,,,,,,,,,,,,,,,,,,,,,,,,,,,,,,,,,,,,,,,,,
1988Q2,975491,966900,952961,940746,926552,5.281840631,3.601686843,51.58181279,7.684350333,,,,,8591,0.88850967,48939,5.281840631,0.008845856,0.000641848,0.051470765,10.1704413,0.45427314,0.888509682,2.58778639,5.281840625,0.008845857,0.002248381,0.051470765,1.584323481,-0.195943334,-2.486497868,-1.313621667,-14.59908596,-0.025179334,-0.012197132,-0.157813382,0.252093399,,,,,,,,,,,,,,,,,1724,-1979,2334,-8844,0.164266517,-0.233478557,0.235304861,-1.019303437,-6765,18702,13047,6712,-0.888907349,2.124425753,1.44504607,0.73320387,0.001620296,-0.002302206,0.002320235,-0.010012272,0.000116812,-0.000168602,0.000167997,-0.000732207,-0.008373946,0.020130851,0.013928424,0.007142052,0.012851742,0.013428271,0.015110041,0.012463942,0.09116132,-0.10464515,0.12341676,-0.46765121,0.164266521,-0.233478545,0.235304835,-1.019303424,-0.35771828,0.98892051,0.68989658,0.35491577,-0.888907347,2.124425741,1.445046056,0.733203896,0.001620296,-0.002302206,0.002320235,-0.010012271,0.000402494,-0.000604468,0.000585207,-0.002616318,-0.008373946,0.020130851,0.013928424,0.007142052,0.008601023,0.014774098,0.01487302,0.011395156,0.154075,-0.030325666,0.067383,-0.510400001,1.619508738,-0.563607932,0.488406496,-5.391920212,-0.319267667,-0.302484999,-0.380159667,-0.213352667,-3.315796751,-3.34886069,-3.991107725,-2.327981013,0.016912642,-0.005918303,0.005126604,-0.055190695,0.007461729,-0.003197157,0.001806205,-0.024554134,-0.039069752,-0.037968439,-0.04344427,-0.024495641,-0.036761572,-0.045666831,-0.044814762,-0.039358431,,,,,,,,,,,,,,,,,,,,,,,,,,,,,,,,,,,,,,,,,,,,,,,,,,,,,,,,,,,,,,,,
1988Q3,975571,975491,966900,952961,940746,3.701849383,0.032808029,51.58604301,7.806032667,,,,,80,0.008200998,34825,3.701849383,8.20E-05,5.95E-06,0.036349763,10.16941738,0.00423022,0.008200991,1.8414692,3.701849386,8.20E-05,2.08E-05,0.036349763,1.580506576,0.121682334,1.583508413,-0.788238666,-9.171675357,0.015711017,0.007704554,-0.096199004,0.28891944,,,,,,,,,,,,,,,,,-5348,1724,-1979,2334,-0.57419447,0.164266517,-0.233478557,0.235304861,-3269,-6765,18702,13047,-0.425873004,-0.888907349,2.124425753,1.44504607,-0.005675242,0.001620296,-0.002302206,0.002320235,-0.000412902,0.000116812,-0.000168602,0.000167997,-0.004036916,-0.008373946,0.020130851,0.013928424,0.007907753,0.012851742,0.013428271,0.015110041,-0.28279044,0.09116132,-0.10464515,0.12341676,-0.574194459,0.164266521,-0.233478545,0.235304835,-0.17285751,-0.35771828,0.98892051,0.68989658,-0.425873003,-0.888907347,2.124425741,1.445046056,-0.005675241,0.001620296,-0.002302206,0.002320235,-0.001456168,0.000402494,-0.000604468,0.000585207,-0.004036916,-0.008373946,0.020130851,0.013928424,0.005530044,0.008601023,0.014774098,0.01487302,0.084007999,0.154075,-0.030325666,0.067383,0.944175268,1.619508738,-0.563607932,0.488406496,0.275140333,-0.319267667,-0.302484999,-0.380159667,2.179377023,-3.315796751,-3.34886069,-3.991107725,0.009729688,0.016912642,-0.005918303,0.005126604,0.00443196,0.007461729,-0.003197157,0.001806205,0.025850631,-0.039069752,-0.037968439,-0.04344427,-0.002217858,-0.036761572,-0.045666831,-0.044814762,,,,,,,,,,,,,,,,,,,,,,,,,,,,,,,,,,,,,,,,,,,,,,,,,,,,,,,,,,,,,,,,
1988Q4,982426,975571,975491,966900,952961,3.091941853,2.840424992,51.94852029,7.667934,,,,,6855,0.702665413,29465,3.091941853,0.007002082,0.000507737,0.030451043,10.17548196,0.36247728,0.702665409,1.55804422,3.091941854,0.007002082,0.001775713,0.030451043,1.584212043,-0.138098667,-1.769127454,-0.492311,-6.0330419,-0.017849636,-0.00868639,-0.062226975,0.295455555,,,,,,,,,,,,,,,,,-8511,-5348,1724,-1979,-0.880308672,-0.57419447,0.164266517,-0.233478557,-14114,-3269,-6765,18702,-1.579991247,-0.425873004,-0.888907349,2.124425753,-0.00876385,-0.005675242,0.001620296,-0.002302206,-0.000635902,-0.000412902,0.000116812,-0.000168602,-0.015121002,-0.004036916,-0.008373946,0.020130851,-0.001023922,0.007907753,0.012851742,0.013428271,-0.45004292,-0.28279044,0.09116132,-0.10464515,-0.880308691,-0.574194459,0.164266521,-0.233478545,-0.74631719,-0.17285751,-0.35771828,0.98892051,-1.579991239,-0.425873003,-0.888907347,2.124425741,-0.00876385,-0.005675241,0.001620296,-0.002302206,-0.002227584,-0.001456168,0.000402494,-0.000604468,-0.015121001,-0.004036916,-0.008373946,0.020130851,-0.003816905,0.005530044,0.008601023,0.014774098,0.317625668,0.084007999,0.154075,-0.030325666,4.070006281,0.944175268,1.619508738,-0.563607932,0.525383001,0.275140333,-0.319267667,-0.302484999,5.427410603,2.179377023,-3.315796751,-3.34886069,0.040890351,0.009729688,0.016912642,-0.005918303,0.019901686,0.00443196,0.007461729,-0.003197157,0.061614379,0.025850631,-0.039069752,-0.037968439,0.036826042,-0.002217858,-0.036761572,-0.045666831,,,,,,,,,,,,,,,,,,,,,,,,,,,,,,,,,,,,,,,,,,,,,,,,,,,,,,,,,,,,,,,,
1989Q1,993631,982426,975571,975491,966900,2.764608543,4.64082126,52.54101598,7.544708333,,,,,11205,1.140543919,26731,2.764608543,0.011340888,0.000821936,0.027270833,10.18576865,0.59249569,1.140543921,1.41347633,2.764608545,0.011340888,0.002870927,0.027270833,1.591855227,-0.123225667,-1.60702566,-0.335585334,-4.258538427,-0.016200783,-0.007953072,-0.043518736,0.296023679,,,,,,,,,,,,,,,,,6775,-8511,-5348,1724,0.694464415,-0.880308672,-0.57419447,0.164266517,-5360,-14114,-3269,-6765,-0.609907531,-1.579991247,-0.425873004,-0.888907349,0.006920076,-0.00876385,-0.005675242,0.001620296,0.00050179,-0.000635902,-0.000412902,0.000116812,-0.00589872,-0.015121002,-0.004036916,-0.008373946,0.006064584,-0.001023922,0.007907753,0.012851742,0.35824706,-0.45004292,-0.28279044,0.09116132,0.694464417,-0.880308691,-0.574194459,0.164266521,-0.28342498,-0.74631719,-0.17285751,-0.35771828,-0.609907532,-1.579991239,-0.425873003,-0.888907347,0.006920076,-0.00876385,-0.005675241,0.001620296,0.001754916,-0.002227584,-0.001456168,0.000402494,-0.00589872,-0.015121001,-0.004036916,-0.008373946,0.003705467,-0.003816905,0.005530044,0.008601023,-0.259781001,0.317625668,0.084007999,0.154075,-3.352635867,4.070006281,0.944175268,1.619508738,0.295927666,0.525383001,0.275140333,-0.319267667,3.138633457,5.427410603,2.179377023,-3.315796751,-0.033560653,0.040890351,0.009729688,0.016912642,-0.016390944,0.019901686,0.00443196,0.007461729,0.033972029,0.061614379,0.025850631,-0.039069752,0.006536115,0.036826042,-0.002217858,-0.036761572,,,,,,,,,,,,,,,,,,,,,,,,,,,,,,,,,,,,,,,,,,,,,,,,,,,,,,,,,,,,,,,,
1989Q2,997448,993631,982426,975571,975491,2.250866487,1.545463335,52.74285053,7.641204,,,,,3817,0.38414663,21957,2.250866487,0.003834107,0.00027765,0.022259083,10.18896112,0.20183455,0.384146645,1.16103774,2.250866492,0.003834107,0.000967819,0.022259083,1.593443477,0.096495667,1.278984723,-0.043146333,-0.561483159,0.012708748,0.006288824,-0.005630654,0.321004554,,,,,,,,,,,,,,,,,4350,6775,-8511,-5348,0.437878505,0.694464415,-0.880308672,-0.57419447,-2734,-5360,-14114,-3269,-0.32733331,-0.609907531,-1.579991247,-0.425873004,0.004338805,0.006920076,-0.00876385,-0.005675242,0.000314199,0.00050179,-0.000635902,-0.000412902,-0.003180211,-0.00589872,-0.015121002,-0.004036916,0.010286693,0.006064584,-0.001023922,0.007907753,0.23001841,0.35824706,-0.45004292,-0.28279044,0.437878512,0.694464417,-0.880308691,-0.574194459,-0.14456789,-0.28342498,-0.74631719,-0.17285751,-0.327333309,-0.609907532,-1.579991239,-0.425873003,0.004338805,0.006920076,-0.00876385,-0.005675241,0.001095214,0.001754916,-0.002227584,-0.001456168,-0.003180211,-0.00589872,-0.015121001,-0.004036916,0.007643184,0.003705467,-0.003816905,0.005530044,0.014873,-0.259781001,0.317625668,0.084007999,0.162101794,-3.352635867,4.070006281,0.944175268,0.156725666,0.295927666,0.525383001,0.275140333,1.774503473,3.138633457,5.427410603,2.179377023,0.001648852,-0.033560653,0.040890351,0.009729688,0.000733318,-0.016390944,0.019901686,0.00443196,0.018708239,0.033972029,0.061614379,0.025850631,0.000568123,0.006536115,0.036826042,-0.002217858,,,,,,,,,,,,,,,,,,,,,,,,,,,,,,,,,,,,,,,,,,,,,,,,,,,,,,,,,,,,,,,,
1989Q3,1001048,997448,993631,982426,975571,2.611496242,1.451518946,52.93321059,7.375241667,,,,,3600,0.360921071,25477,2.611496242,0.003602713,0.000260821,0.02577979,10.19255789,0.19036006,0.360921069,1.34716758,2.611496252,0.003602713,0.000908531,0.02577979,1.597025393,-0.265962333,-3.48063385,-0.430791,-5.518693277,-0.035426512,-0.017420974,-0.056768184,0.277903016,,,,,,,,,,,,,,,,,-7388,4350,6775,-8511,-0.756397289,0.437878505,0.694464415,-0.880308672,-4774,-2734,-5360,-14114,-0.513742056,-0.32733331,-0.609907531,-1.579991247,-0.007506781,0.004338805,0.006920076,-0.00876385,-0.000544285,0.000314199,0.00050179,-0.000635902,-0.00501175,-0.003180211,-0.00589872,-0.015121002,0.003192464,0.010286693,0.006064584,-0.001023922,-0.39066114,0.23001841,0.35824706,-0.45004292,-0.756397276,0.437878512,0.694464417,-0.880308691,-0.25243859,-0.14456789,-0.28342498,-0.74631719,-0.513742053,-0.327333309,-0.609907532,-1.579991239,-0.007506781,0.004338805,0.006920076,-0.00876385,-0.001903108,0.001095214,0.001754916,-0.002227584,-0.00501175,-0.003180211,-0.00589872,-0.015121001,0.00158825,0.007643184,0.003705467,-0.003816905,0.219721334,0.014873,-0.259781001,0.317625668,2.886010384,0.162101794,-3.352635867,4.070006281,0.292439001,0.156725666,0.295927666,0.525383001,3.697055268,1.774503473,3.138633457,5.427410603,0.028909531,0.001648852,-0.033560653,0.040890351,0.014241896,0.000733318,-0.016390944,0.019901686,0.037888082,0.018708239,0.033972029,0.061614379,0.024980875,0.000568123,0.006536115,0.036826042,,,,,,,,,,,,,,,,,,,,,,,,,,,,,,,,,,,,,,,,,,,,,,,,,,,,,,,,,,,,,,,,
1989Q4,998903,1001048,997448,993631,982426,1.677174668,-0.854350853,52.81978772,7.449588,,,,,-2145,-0.214275439,16477,1.677174668,-0.002145053,-0.000155252,0.016632654,10.18990522,-0.11342287,-0.21427544,0.87126743,1.677174682,-0.002145053,-0.000540448,0.016632654,1.593106201,0.074346333,1.008052839,-0.218346,-2.847520597,0.010030059,0.005019726,-0.028888489,0.296657412,,,,,,,,,,,,,,,,,-217,-7388,4350,6775,-0.023225559,-0.756397289,0.437878505,0.694464415,3520,-4774,-2734,-5360,0.360629755,-0.513742056,-0.32733331,-0.609907531,-0.000231394,-0.007506781,0.004338805,0.006920076,-1.68E-05,-0.000544285,0.000314199,0.00050179,0.003520707,-0.00501175,-0.003180211,-0.00589872,0.003596767,0.003192464,0.010286693,0.006064584,-0.01147449,-0.39066114,0.23001841,0.35824706,-0.023225576,-0.756397276,0.437878512,0.694464417,0.18612984,-0.25243859,-0.14456789,-0.28342498,0.360629761,-0.513742053,-0.327333309,-0.609907532,-0.000231394,-0.007506781,0.004338805,0.006920076,-5.93E-05,-0.001903108,0.001095214,0.001754916,0.003520707,-0.00501175,-0.003180211,-0.00589872,0.003581916,0.00158825,0.007643184,0.003705467,-0.362458,0.219721334,0.014873,-0.259781001,-4.759618574,2.886010384,0.162101794,-3.352635867,-0.387644667,0.292439001,0.156725666,0.295927666,-4.957210118,3.697055268,1.774503473,3.138633457,-0.04813526,0.028909531,0.001648852,-0.033560653,-0.023709798,0.014241896,0.000733318,-0.016390944,-0.05113753,0.037888082,0.018708239,0.033972029,-0.043101538,0.024980875,0.000568123,0.006536115,,,,,,,,,,,,,,,,,,,,,,,,,,,,,,,,,,,,,,,,,,,,,,,,,,,,,,,,,,,,,,,,
1990Q1,1008279,998903,1001048,997448,993631,1.47418911,3.807711806,53.31556992,7.618835333,126357,,,16.66169986,9376,0.938629677,14648,1.47418911,0.009342519,0.000676288,0.014634286,10.19842615,0.4957822,0.938629672,0.77455394,1.474189118,0.009342519,0.002355127,0.014634286,1.599581907,0.169247333,2.271901923,0.074127,0.982503189,0.022464786,0.011186758,0.00977708,0.327107064,,,,,,,,,,,,,,,,,-5745,-217,-7388,4350,-0.57519651,-0.023225559,-0.756397289,0.437878505,-9000,3520,-4774,-2734,-0.934321574,0.360629755,-0.513742056,-0.32733331,-0.005747767,-0.000231394,-0.007506781,0.004338805,-0.000416074,-1.68E-05,-0.000544285,0.000314199,-0.009147136,0.003520707,-0.00501175,-0.003180211,-0.002652661,0.003596767,0.003192464,0.010286693,-0.30378293,-0.01147449,-0.39066114,0.23001841,-0.575196509,-0.023225576,-0.756397276,0.437878512,-0.47590015,0.18612984,-0.25243859,-0.14456789,-0.93432157,0.360629761,-0.513742053,-0.327333309,-0.005747767,-0.000231394,-0.007506781,0.004338805,-0.001448978,-5.93E-05,-0.001903108,0.001095214,-0.009147136,0.003520707,-0.00501175,-0.003180211,-0.003919192,0.003581916,0.00158825,0.007643184,0.340308666,-0.362458,0.219721334,0.014873,4.488686689,-4.759618574,2.886010384,0.162101794,0.212445,-0.387644667,0.292439001,0.156725666,2.67117268,-4.957210118,3.697055268,1.774503473,0.045456571,-0.04813526,0.028909531,0.001648852,0.0224407,-0.023709798,0.014241896,0.000733318,0.027879694,-0.05113753,0.037888082,0.018708239,0.018754395,-0.043101538,0.024980875,0.000568123,,,,,,,,,,,,,,,,,,,,,,,,,,,,,,,,,,,,,,,,,,,,,,,,,,,,,,,,,,,,,,,,
1990Q2,1004087,1008279,998903,1001048,997448,0.665598608,-1.652689197,53.0939062,7.651927667,128141,,5.768223648,16.89694185,-4192,-0.41575794,6639,0.665598608,-0.004166246,-0.000301383,0.006633933,10.19398229,-0.22166372,-0.415757949,0.35105567,0.665598591,-0.004166246,-0.001047788,0.006633933,1.59444831,0.033092334,0.434348986,0.010723667,0.140340017,0.004334084,0.002134361,0.001402416,0.325172016,1784,1.41187271,,,0.014019986,0.001193509,,,0.23524199,1.41187269,,,0.014019986,0.004983798,,,11521,-5745,-217,-7388,1.152905116,-0.57519651,-0.023225559,-0.756397289,-1829,-9000,3520,-4774,-0.202985557,-0.934321574,0.360629755,-0.513742056,0.011487573,-0.005747767,-0.000231394,-0.007506781,0.00083154,-0.000416074,-1.68E-05,-0.000544285,-0.001998368,-0.009147136,0.003520707,-0.00501175,0.008520921,-0.002652661,0.003596767,0.003192464,0.60920507,-0.30378293,-0.01147449,-0.39066114,1.152905112,-0.575196509,-0.023225576,-0.756397276,-0.09671349,-0.47590015,0.18612984,-0.25243859,-0.202985564,-0.93432157,0.360629761,-0.513742053,0.011487573,-0.005747767,-0.000231394,-0.007506781,0.002895574,-0.001448978,-5.93E-05,-0.001903108,-0.001998368,-0.009147136,0.003520707,-0.00501175,0.006475706,-0.003919192,0.003581916,0.00158825,0.094901,0.340308666,-0.362458,0.219721334,1.263849084,4.488686689,-4.759618574,2.886010384,0.292473,0.212445,-0.387644667,0.292439001,3.830023786,2.67117268,-4.957210118,3.697055268,0.012434727,0.045456571,-0.04813526,0.028909531,0.006167032,0.0224407,-0.023709798,0.014241896,0.038665569,0.027879694,-0.05113753,0.037888082,0.030449652,0.018754395,-0.043101538,0.024980875,,,,,,,,,,,,,,,,,,,,,,,,,,,,,,,,,,,,,,,,,,,,,,,,,,,,,,,,,,,,,,,,
1990Q3,996880,1004087,1008279,998903,1001048,-0.416363651,-2.840302278,52.71281594,8.194256333,129744,,5.098543359,17.10831681,-7207,-0.717766488,-4168,-0.416363651,-0.007203548,-0.000521256,-0.004172329,10.18651795,-0.38109026,-0.717766477,-0.22039465,-0.416363654,-0.007203548,-0.001813554,-0.004172329,1.586336643,0.542328666,7.087477687,0.819014666,11.10491972,0.068475863,0.033649774,0.105304792,0.411222384,1603,1.250965733,,,0.012432058,0.001057068,,,0.21137496,1.250965778,,,0.012432058,0.004397409,,,-13568,11521,-5745,-217,-1.354387617,1.152905116,-0.57519651,-0.023225559,-8009,-1829,-9000,3520,-0.808590503,-0.202985557,-0.934321574,0.360629755,-0.013508765,0.011487573,-0.005747767,-0.000231394,-0.000977671,0.00083154,-0.000416074,-1.68E-05,-0.008000353,-0.001998368,-0.009147136,0.003520707,-0.004443858,0.008520921,-0.002652661,0.003596767,-0.71744592,0.60920507,-0.30378293,-0.01147449,-1.354387621,1.152905112,-0.575196509,-0.023225576,-0.42349827,-0.09671349,-0.47590015,0.18612984,-0.808590527,-0.202985564,-0.93432157,0.360629761,-0.013508765,0.011487573,-0.005747767,-0.000231394,-0.003402915,0.002895574,-0.001448978,-5.93E-05,-0.008000353,-0.001998368,-0.009147136,0.003520707,-0.005133597,0.006475706,-0.003919192,0.003581916,-0.136154999,0.094901,0.340308666,-0.362458,-1.837552937,1.263849084,4.488686689,-4.759618574,-0.063403333,0.292473,0.212445,-0.387644667,-0.842163172,3.830023786,2.67117268,-4.957210118,-0.018130702,0.012434727,0.045456571,-0.04813526,-0.009052397,0.006167032,0.0224407,-0.023709798,-0.008374664,0.038665569,0.027879694,-0.05113753,-0.001935048,0.030449652,0.018754395,-0.043101538,,,,,,,,,,,,,,,,,,,,,,,,,,,,,,,,,,,,,,,,,,,,,,,,,,,,,,,,,,,,,,,,
1990Q4,987944,996880,1004087,1008279,998903,-1.097103523,-3.537662869,52.24029997,9.145193333,130932,,3.71320971,17.26496899,-8936,-0.896396758,-10959,-1.097103523,-0.009004386,-0.000651907,-0.011031661,10.17766883,-0.47251597,-0.896396752,-0.57948775,-1.097103519,-0.009004386,-0.002271048,-0.011031661,1.577872851,0.950937,11.60492132,1.695605333,22.76106186,0.109794961,0.052197972,0.205069694,0.516010176,1188,0.915649279,,,0.009114826,0.000774193,,,0.15665218,0.915649282,,,0.009114826,0.003209938,,,-3015,-13568,11521,-5745,-0.302008548,-1.354387617,1.152905116,-0.57519651,-10807,-8009,-1829,-9000,-1.081962259,-0.808590503,-0.202985557,-0.934321574,-0.003037302,-0.013508765,0.011487573,-0.005747767,-0.000219873,-0.000977671,0.00083154,-0.000416074,-0.010806261,-0.008000353,-0.001998368,-0.009147136,-0.007464336,-0.004443858,0.008520921,-0.002652661,-0.15942654,-0.71744592,0.60920507,-0.30378293,-0.302008528,-1.354387621,1.152905112,-0.575196509,-0.57145032,-0.42349827,-0.09671349,-0.47590015,-1.081962245,-0.808590527,-0.202985564,-0.93432157,-0.003037302,-0.013508765,0.011487573,-0.005747767,-0.000765765,-0.003402915,0.002895574,-0.001448978,-0.010806261,-0.008000353,-0.001998368,-0.009147136,-0.008111666,-0.005133597,0.006475706,-0.003919192,0.509236332,-0.136154999,0.094901,0.340308666,6.653128701,-1.837552937,1.263849084,4.488686689,0.808290999,-0.063403333,0.292473,0.212445,10.9645797,-0.842163172,3.830023786,2.67117268,0.064141779,-0.018130702,0.012434727,0.045456571,0.031515413,-0.009052397,0.006167032,0.0224407,0.103902375,-0.008374664,0.038665569,0.027879694,0.086050368,-0.001935048,0.030449652,0.018754395,-181,,,,-0.160906977,,,,,,,,,,,,-0.001587928,,,,-0.00013644,,,,,,,,,,,,-0.02386703,,,,-0.160906912,,,,,,,,,,,,-0.001587927,,,,-0.000586389,,,,,,,,,,,
1991Q1,973650,987944,996880,1004087,1008279,-3.434466056,-5.66297838,51.48446477,10.13819167,130256,3.085701623,-2.049255275,17.1758302,-14294,-1.446843141,-34629,-3.434466056,-0.01457412,-0.001055837,-0.0349483,10.16241865,-0.7558352,-1.446843147,-1.83110515,-3.434466053,-0.01457412,-0.00368419,-0.0349483,1.560946374,0.992998337,10.85814483,2.519356337,33.06747327,0.103081224,0.04657505,0.285686131,0.60796675,-676,-0.516298537,3899,3.085701623,-0.00517636,-0.000439329,0.030390511,8.313670499,-0.08913879,-0.516298582,0.51413034,3.085701605,-0.00517636,-0.001817109,0.030390511,0.809211595,-1729,-3015,-13568,11521,-0.17863027,-0.302008548,-1.354387617,1.152905116,-6791,-10807,-8009,-1829,-0.680739872,-1.081962259,-0.808590503,-0.202985557,-0.001800837,-0.003037302,-0.013508765,0.011487573,-0.00013065,-0.000219873,-0.000977671,0.00083154,-0.006859332,-0.010806261,-0.008000353,-0.001998368,-0.008849121,-0.007464336,-0.004443858,0.008520921,-0.09142571,-0.15942654,-0.71744592,0.60920507,-0.178630275,-0.302008528,-1.354387621,1.152905112,-0.3590931,-0.57145032,-0.42349827,-0.09671349,-0.680739865,-1.081962245,-0.808590527,-0.202985564,-0.001800837,-0.003037302,-0.013508765,0.011487573,-0.000457495,-0.000765765,-0.003402915,0.002895574,-0.006859332,-0.010806261,-0.008000353,-0.001998368,-0.008463792,-0.008111666,-0.005133597,0.006475706,0.408608334,0.509236332,-0.136154999,0.094901,4.517443631,6.653128701,-1.837552937,1.263849084,0.876590667,0.808290999,-0.063403333,0.292473,11.65614214,10.9645797,-0.842163172,3.830023786,0.041319098,0.064141779,-0.018130702,0.012434727,0.018548198,0.031515413,-0.009052397,0.006167032,0.099764902,0.103902375,-0.008374664,0.038665569,0.104787791,0.086050368,-0.001935048,0.030449652,-415,-181,,,-0.335316454,-0.160906977,,,,,,,,,,,-0.003317232,-0.001587928,,,-0.000282875,-0.00013644,,,,,,,,,,,-0.05472278,-0.02386703,,,-0.335316496,-0.160906912,,,,,,,,,,,-0.003317232,-0.001587927,,,-0.001187471,-0.000586389,,,,,,,,,,
1991Q2,978103,973650,987944,996880,1004087,-2.587823565,1.841993334,51.71992959,10.338812,132843,3.669395432,8.184177935,17.51695747,4453,0.457351204,-25984,-2.587823565,0.004563085,0.000330927,-0.026218968,10.16728317,0.23546482,0.457351205,-1.37397661,-2.587823553,0.004563085,0.001157767,-0.026218968,1.566557797,0.20062033,1.978857143,2.686884333,35.11382295,0.019595323,0.008459716,0.30094737,0.625429986,2587,1.986088933,4702,3.669395432,0.019666235,0.001669849,0.03603676,8.332143937,0.34112727,1.986088975,0.62001562,3.669395477,0.019666235,0.0069162,0.03603676,0.82390641,-5358,-1729,-3015,-13568,-0.550446383,-0.17863027,-0.302008548,-1.354387617,-23670,-6791,-10807,-8009,-2.337362533,-0.680739872,-1.081962259,-0.808590503,-0.005569734,-0.001800837,-0.003037302,-0.013508765,-0.00040393,-0.00013065,-0.000219873,-0.000977671,-0.023916639,-0.006859332,-0.010806261,-0.008000353,-0.015250179,-0.008849121,-0.007464336,-0.004443858,-0.28331923,-0.09142571,-0.15942654,-0.71744592,-0.550446395,-0.178630275,-0.302008528,-1.354387621,-1.2516174,-0.3590931,-0.57145032,-0.42349827,-2.337362534,-0.680739865,-1.081962245,-0.808590527,-0.005569734,-0.001800837,-0.003037302,-0.013508765,-0.001413142,-0.000457495,-0.000765765,-0.003402915,-0.023916639,-0.006859332,-0.010806261,-0.008000353,-0.016926478,-0.008463792,-0.008111666,-0.005133597,0.042061337,0.408608334,0.509236332,-0.136154999,-0.746776488,4.517443631,6.653128701,-1.837552937,0.823751004,0.876590667,0.808290999,-0.063403333,10.30641141,11.65614214,10.9645797,-0.842163172,-0.006713737,0.041319098,0.064141779,-0.018130702,-0.005622922,0.018548198,0.031515413,-0.009052397,0.080616438,0.099764902,0.103902375,-0.008374664,0.091956575,0.104787791,0.086050368,-0.001935048,-1864,-415,-181,,-1.431947815,-0.335316454,-0.160906977,,,,,,,,,,-0.014291186,-0.003317232,-0.001587928,,-0.001213522,-0.000282875,-0.00013644,,,,,,,,,,-0.24579097,-0.05472278,-0.02386703,,-1.431947863,-0.335316496,-0.160906912,,,,,,,,,,-0.014291186,-0.003317232,-0.001587927,,-0.005027046,-0.001187471,-0.000586389,,,,,,,,,
1991Q3,979352,978103,973650,987944,996880,-1.758285852,0.511763863,51.78597395,10.44056433,132887,2.422462696,0.13255306,17.5227594,1249,0.127696163,-17528,-1.758285852,0.001276147,9.25E-05,-0.017739273,10.1690807,0.06604436,0.127696152,-0.92684199,-1.758285862,0.001276147,0.000323416,-0.017739273,1.569649144,0.10175233,0.984178163,2.246307997,27.41320146,0.009793667,0.004192665,0.242265174,0.602127644,44,0.033121805,3143,2.422462696,0.000331163,2.81E-05,0.023935865,8.33141859,0.00580193,0.033121791,0.41444259,2.422462681,0.000331163,0.000115663,0.023935865,0.819849804,18747,-5358,-1729,-3015,1.904194345,-0.550446383,-0.17863027,-0.302008548,8645,-23670,-6791,-10807,0.84664249,-2.337362533,-0.680739872,-1.081962259,0.019137205,-0.005569734,-0.001800837,-0.003037302,0.001386764,-0.00040393,-0.00013065,-0.000219873,0.008729331,-0.023916639,-0.006859332,-0.010806261,0.004864514,-0.015250179,-0.008849121,-0.007464336,0.99130002,-0.28331923,-0.09142571,-0.15942654,1.904194352,-0.550446395,-0.178630275,-0.302008528,0.45712854,-1.2516174,-0.3590931,-0.57145032,0.8466425,-2.337362534,-0.680739865,-1.081962245,0.019137205,-0.005569734,-0.001800837,-0.003037302,0.004841958,-0.001413142,-0.000457495,-0.000765765,0.008729332,-0.023916639,-0.006859332,-0.010806261,0.005611423,-0.016926478,-0.008463792,-0.008111666,-0.792378007,0.042061337,0.408608334,0.509236332,-8.879287686,-0.746776488,4.517443631,6.653128701,0.167527996,0.823751004,0.876590667,0.808290999,2.04634968,10.30641141,11.65614214,10.9645797,-0.083485901,-0.006713737,0.041319098,0.064141779,-0.038115333,-0.005622922,0.018548198,0.031515413,0.015261239,0.080616438,0.099764902,0.103902375,0.017463236,0.091956575,0.104787791,0.086050368,3263,-1864,-415,-181,2.502387469,-1.431947815,-0.335316454,-0.160906977,803,,,,0.583693808,,,,0.024842595,-0.014291186,-0.003317232,-0.001587928,0.002109177,-0.001213522,-0.000282875,-0.00013644,0.005646249,,,,0.018473438,,,,0.43026606,-0.24579097,-0.05472278,-0.02386703,2.502387557,-1.431947863,-0.335316496,-0.160906912,0.10588528,,,,0.583693872,,,,0.024842595,-0.014291186,-0.003317232,-0.001587927,0.008733308,-0.005027046,-0.001187471,-0.000586389,0.005646249,,,,0.014694815,,,
1991Q4,981117,979352,978103,973650,987944,-0.691031071,0.722835953,51.87930326,10.33385233,132692,1.344209208,-0.585674149,17.49704629,1765,0.180221207,-6827,-0.691031071,0.00180059,0.000130528,-0.006934297,10.17153341,0.09332931,0.180221212,-0.36099671,-0.691031082,0.00180059,0.000456178,-0.006934298,1.573723365,-0.106712,-1.022090345,1.188658997,12.99763661,-0.010273496,-0.004379717,0.122196718,0.540972866,-195,-0.146741216,1760,1.344209208,-0.00146849,-0.000124477,0.013352549,8.329176206,-0.02571311,-0.146741215,0.2320773,1.344209191,-0.00146849,-0.00051283,0.013352549,0.815176517,-3204,18747,-5358,-1729,-0.329655041,1.904194345,-0.550446383,-0.17863027,8456,8645,-23670,-6791,0.829537713,0.84664249,-2.337362533,-0.680739872,-0.003286938,0.019137205,-0.005569734,-0.001800837,-0.000238408,0.001386764,-0.00040393,-0.00013065,0.008479695,0.008729331,-0.023916639,-0.006859332,0.001797539,0.004864514,-0.015250179,-0.008849121,-0.16942046,0.99130002,-0.28331923,-0.09142571,-0.329655053,1.904194352,-0.550446395,-0.178630275,0.44713462,0.45712854,-1.2516174,-0.3590931,0.829537692,0.8466425,-2.337362534,-0.680739865,-0.003286938,0.019137205,-0.005569734,-0.001800837,-0.000834352,0.004841958,-0.001413142,-0.000457495,0.008479695,0.008729332,-0.023916639,-0.006859332,0.003091347,0.005611423,-0.016926478,-0.008463792,-0.098868,-0.792378007,0.042061337,0.408608334,-0.99467898,-8.879287686,-0.746776488,4.517443631,-0.440576336,0.167527996,0.823751004,0.876590667,-7.700621483,2.04634968,10.30641141,11.65614214,-0.009801656,-0.083485901,-0.006713737,0.041319098,-0.004267052,-0.038115333,-0.005622922,0.018548198,-0.058682196,0.015261239,0.080616438,0.099764902,-0.023302342,0.017463236,0.091956575,0.104787791,-2543,3263,-1864,-415,-1.952967127,2.502387469,-1.431947815,-0.335316454,-1559,803,,,-1.246932736,0.583693808,,,-0.019335072,0.024842595,-0.014291186,-0.003317232,-0.001641777,0.002109177,-0.001213522,-0.000282875,-0.012100895,0.005646249,,,-0.000725347,0.018473438,,,-0.33532534,0.43026606,-0.24579097,-0.05472278,-1.952967184,2.502387557,-1.431947863,-0.335316496,-0.20557303,0.10588528,,,-1.246932796,0.583693872,,,-0.019335072,0.024842595,-0.014291186,-0.003317232,-0.006800536,0.008733308,-0.005027046,-0.001187471,-0.012100895,0.005646249,,,-0.004056606,0.014694815,,
1992Q1,981762,981117,979352,978103,973650,0.833153597,0.263225009,51.91340944,10.59771533,132543,1.755773247,-0.448404484,17.47739884,645,0.065741395,8112,0.833153597,0.000657198,4.76E-05,0.00829702,10.17324701,0.03410618,0.065741399,0.42894467,0.833153597,0.000657198,0.000166425,0.00829702,1.578071557,0.263863,2.553384658,0.45952366,4.532599846,0.025213303,0.010796023,0.044328797,0.520663194,-149,-0.112290115,2287,1.755773247,-0.001123532,-9.52E-05,0.017405376,8.328492099,-0.01964745,-0.112290096,0.30156864,1.755773296,-0.001123532,-0.000392564,0.017405377,0.815871747,516,-3204,18747,-5358,0.052525045,-0.329655041,1.904194345,-0.550446383,10701,8456,8645,-23670,1.067254781,0.829537713,0.84664249,-2.337362533,0.000524443,-0.003286938,0.019137205,-0.005569734,3.80E-05,-0.000238408,0.001386764,-0.00040393,0.010804976,0.008479695,0.008729331,-0.023916639,0.002452709,0.001797539,0.004864514,-0.015250179,0.02728495,-0.16942046,0.99130002,-0.28331923,0.05252506,-0.329655053,1.904194352,-0.550446395,0.56584528,0.44713462,0.45712854,-1.2516174,1.06725478,0.829537692,0.8466425,-2.337362534,0.000524443,-0.003286938,0.019137205,-0.005569734,0.000132763,-0.000834352,0.004841958,-0.001413142,0.010804976,0.008479695,0.008729332,-0.023916639,0.004074221,0.003091347,0.005611423,-0.016926478,-0.20846433,-0.098868,-0.792378007,0.042061337,-2.006268508,-0.99467898,-8.879287686,-0.746776488,-1.057649,-0.440576336,0.167527996,0.823751004,-14.41556485,-7.700621483,2.04634968,10.30641141,-0.020067162,-0.009801656,-0.083485901,-0.006713737,-0.008572382,-0.004267052,-0.038115333,-0.005622922,-0.120068456,-0.058682196,0.015261239,0.080616438,-0.061154778,-0.023302342,0.017463236,0.091956575,-239,-2543,3263,-1864,-0.179863022,-1.952967127,2.502387469,-1.431947815,-1383,-1559,803,,-1.078253488,-1.246932736,0.583693808,,-0.001799653,-0.019335072,0.024842595,-0.014291186,-0.000152549,-0.001641777,0.002109177,-0.001213522,-0.010583316,-0.012100895,0.005646249,,-0.002242384,-0.000725347,0.018473438,,-0.03151504,-0.33532534,0.43026606,-0.24579097,-0.179863005,-1.952967184,2.502387557,-1.431947863,-0.18236529,-0.20557303,0.10588528,,-1.07825349,-1.246932796,0.583693872,,-0.001799653,-0.019335072,0.024842595,-0.014291186,-0.000628493,-0.006800536,0.008733308,-0.005027046,-0.010583316,-0.012100895,0.005646249,,-0.004673287,-0.004056606,0.014694815,
1992Q2,982944,981762,981117,979352,978103,0.49493765,0.48245352,51.97591099,11.01700333,132919,0.057210391,1.139563739,17.52697899,1182,0.120395778,4841,0.49493765,0.001203234,8.72E-05,0.004937169,10.17411937,0.06250155,0.120395772,0.2559814,0.494937642,0.001203234,0.000304649,0.004937169,1.578117693,0.419288,3.956399912,0.67819133,6.559664012,0.038801394,0.016436822,0.063534868,0.551040454,376,0.283681522,76,0.057210391,0.002832799,0.000240176,0.00057194,8.329656442,0.04958015,0.283681516,0.01002152,0.057210392,0.002832799,0.000990175,0.00057194,0.811812154,-1120,516,-3204,18747,-0.114479813,0.052525045,-0.329655041,1.904194345,14939,10701,8456,8645,1.524184668,1.067254781,0.829537713,0.84664249,-0.001143392,0.000524443,-0.003286938,0.019137205,-8.29E-05,3.80E-05,-0.000238408,0.001386764,0.015231318,0.010804976,0.008479695,0.008729331,0.001713593,0.002452709,0.001797539,0.004864514,-0.05922313,0.02728495,-0.16942046,0.99130002,-0.114479813,0.05252506,-0.329655053,1.904194352,0.78994138,0.56584528,0.44713462,0.45712854,1.524184679,1.06725478,0.829537692,0.8466425,-0.001143392,0.000524443,-0.003286938,0.019137205,-0.000289754,0.000132763,-0.000834352,0.004841958,0.015231318,0.010804976,0.008479695,0.008729332,0.004348192,0.004074221,0.003091347,0.005611423,0.370575,-0.20846433,-0.098868,-0.792378007,3.575475003,-2.006268508,-0.99467898,-8.879287686,-0.729135337,-1.057649,-0.440576336,0.167527996,-8.465036767,-14.41556485,-7.700621483,2.04634968,0.035486798,-0.020067162,-0.009801656,-0.083485901,0.015175739,-0.008572382,-0.004267052,-0.038115333,-0.077867921,-0.120068456,-0.058682196,0.015261239,-0.020309672,-0.061154778,-0.023302342,0.017463236,46,-239,-2543,3263,0.034451101,-0.179863022,-1.952967127,2.502387469,527,-1383,-1559,803,0.411564039,-1.078253488,-1.246932736,0.583693808,0.000344958,-0.001799653,-0.019335072,0.024842595,2.92E-05,-0.000152549,-0.001641777,0.002109177,0.004052828,-0.010583316,-0.012100895,0.005646249,-0.000684107,-0.002242384,-0.000725347,0.018473438,0.00606566,-0.03151504,-0.33532534,0.43026606,0.034451119,-0.179863005,-1.952967184,2.502387557,0.06949134,-0.18236529,-0.20557303,0.10588528,0.411564105,-1.07825349,-1.246932796,0.583693872,0.000344958,-0.001799653,-0.019335072,0.024842595,0.000120266,-0.000628493,-0.006800536,0.008733308,0.004052828,-0.010583316,-0.012100895,0.005646249,0.00069523,-0.004673287,-0.004056606,0.014694815
